id,name,categ_id/id,type,lst_price,uom_id/id,uom_po_id/id,purchase_ok,sale_ok,tracking,use_expiration_date
init.676780ae-f43a-4da8-9afb-e43db7830e59,Celecoxib 200mg Capsule (BTE/30),product.categ_products_drug_orders,product,425,init.d5c0ef0b-98d9-412f-967e-e1150db9c796,init.d5c0ef0b-98d9-412f-967e-e1150db9c796,TRUE,TRUE,By Lots,TRUE
init.83d4ee6b-637a-4338-a4a8-525617e53f80,Sodium Chloride 0.45%/1000ml Injectable (Flacon/1000ml),product.categ_products_drug_orders,product,250,init.b9a4a775-c96b-4f0b-8c39-36ab96ae0d9a,init.b9a4a775-c96b-4f0b-8c39-36ab96ae0d9a,TRUE,TRUE,By Lots,TRUE
init.db1fe137-a3ee-4012-9df1-76293b95d705,Sodium Chloride 0.9%/1000ml Injectable (Flacon/1000ml),product.categ_products_drug_orders,product,235,init.b9a4a775-c96b-4f0b-8c39-36ab96ae0d9a,init.b9a4a775-c96b-4f0b-8c39-36ab96ae0d9a,TRUE,TRUE,By Lots,TRUE
init.a335fae7-71fd-425d-a4d6-c67f30b529b8,Dextrose 10%/1000ml Injectable (Flacon/1000ml),product.categ_products_drug_orders,product,250,init.b9a4a775-c96b-4f0b-8c39-36ab96ae0d9a,init.b9a4a775-c96b-4f0b-8c39-36ab96ae0d9a,TRUE,TRUE,By Lots,TRUE
init.eaffef22-af66-4e0c-bb1b-d6db06d327e4,Dextrose 5%/1000ml Injectable (Flacon/1000ml),product.categ_products_drug_orders,product,235,init.b9a4a775-c96b-4f0b-8c39-36ab96ae0d9a,init.b9a4a775-c96b-4f0b-8c39-36ab96ae0d9a,TRUE,TRUE,By Lots,TRUE
init.7e889280-f210-45f8-bedc-18a3118862c3,Dextrose & Sodium Chloride 5%+0.2%/1000ml Injectable (Flacon/1000ml),product.categ_products_drug_orders,product,250,init.b9a4a775-c96b-4f0b-8c39-36ab96ae0d9a,init.b9a4a775-c96b-4f0b-8c39-36ab96ae0d9a,TRUE,TRUE,By Lots,TRUE
init.d6dd3bae-8cb0-4ca9-8d8a-88faeda73871,Dextrose & Sodium Chloride 5%+0.3%/1000ml Injectable (Flacon/1000ml),product.categ_products_drug_orders,product,250,init.b9a4a775-c96b-4f0b-8c39-36ab96ae0d9a,init.b9a4a775-c96b-4f0b-8c39-36ab96ae0d9a,TRUE,TRUE,By Lots,TRUE
init.e7c3686c-1f14-480d-983e-94cf9d3ccfe4,Dextrose & Sodium Chloride 5%+0.45%/1000ml Injectable (Flacon/1000ml),product.categ_products_drug_orders,product,250,init.b9a4a775-c96b-4f0b-8c39-36ab96ae0d9a,init.b9a4a775-c96b-4f0b-8c39-36ab96ae0d9a,TRUE,TRUE,By Lots,TRUE
init.3f6f8971-69e2-48cd-a11e-4198c26e44cb,Dextrose & Sodium Chloride 5%+0.9%/1000ml Injectable (Flacon/1000ml),product.categ_products_drug_orders,product,235,init.b9a4a775-c96b-4f0b-8c39-36ab96ae0d9a,init.b9a4a775-c96b-4f0b-8c39-36ab96ae0d9a,TRUE,TRUE,By Lots,TRUE
init.cda5e8a5-6a28-41d6-96c1-0a5e8b986f68,Dextrose 50%/50ml Injectable (Flacon/50ml),product.categ_products_drug_orders,product,250,init.cb4fa1ec-f518-4cc2-94b0-bb29dd67a505,init.cb4fa1ec-f518-4cc2-94b0-bb29dd67a505,TRUE,TRUE,By Lots,TRUE
init.1a3d9c2d-7067-4d68-8f5c-70c4afea89d1,Aciclovir 200mg Comprime (PAQ/30),product.categ_products_drug_orders,product,0,init.4fc93bbe-bb54-4e20-ae5f-a5cec41de5fa,init.4fc93bbe-bb54-4e20-ae5f-a5cec41de5fa,FALSE,TRUE,By Lots,TRUE
init.4392860e-a2bc-4e00-87af-8003f5fcd47e,Aciclovir 200mg Comprime (BTE/100),product.categ_products_drug_orders,product,,init.4801928b-f31a-4341-bdf2-c982ecb649f0,init.4801928b-f31a-4341-bdf2-c982ecb649f0,TRUE,FALSE,By Lots,TRUE
init.a43bee20-418c-4c5a-af26-879645670104,Acide Ascorbique (Vit C) 500mg Comprime (PAQ/30),product.categ_products_drug_orders,product,255,init.4fc93bbe-bb54-4e20-ae5f-a5cec41de5fa,init.4fc93bbe-bb54-4e20-ae5f-a5cec41de5fa,FALSE,TRUE,By Lots,TRUE
init.6452d612-89e5-44ea-a88a-2acfedcc7105,Acide Ascorbique (Vit C) 500mg Comprime (BTE/100),product.categ_products_drug_orders,product,,init.4801928b-f31a-4341-bdf2-c982ecb649f0,init.4801928b-f31a-4341-bdf2-c982ecb649f0,TRUE,FALSE,By Lots,TRUE
init.4274555e-9f6e-471e-a42d-1ef76255f9b8,Acide Ascorbique (Vit C) 500mg/5ml Sirop (Flacon),product.categ_products_drug_orders,product,260,init.6eaf22c5-60e2-4e10-bcd3-cbe875bb5a1f,init.6eaf22c5-60e2-4e10-bcd3-cbe875bb5a1f,TRUE,TRUE,By Lots,TRUE
init.fac85220-003b-4f2c-a6d6-7acfe219d47d,Acide Ascorbique (Vit C) 100mg/ml Gtte (Flacon),product.categ_products_drug_orders,product,325,init.6eaf22c5-60e2-4e10-bcd3-cbe875bb5a1f,init.6eaf22c5-60e2-4e10-bcd3-cbe875bb5a1f,TRUE,TRUE,By Lots,TRUE
init.60153e60-0b65-40f4-be54-2a02b92d2eba,Acide Ascorbique (Vit C) Injectable (Vial),product.categ_products_drug_orders,product,0,init.d7218e57-1380-43f6-bd39-2df185ec53d2,init.d7218e57-1380-43f6-bd39-2df185ec53d2,TRUE,TRUE,By Lots,TRUE
init.4881b787-630a-46e1-ad43-ddfc2b810da7,Acide Folique 5mg Comprime (PAQ/30),product.categ_products_drug_orders,product,100,init.4fc93bbe-bb54-4e20-ae5f-a5cec41de5fa,init.4fc93bbe-bb54-4e20-ae5f-a5cec41de5fa,FALSE,TRUE,By Lots,TRUE
init.5658d3e8-6b24-4a11-af16-e1b249081209,Acide Folique 5mg Comprime (BTE/100),product.categ_products_drug_orders,product,,init.4801928b-f31a-4341-bdf2-c982ecb649f0,init.4801928b-f31a-4341-bdf2-c982ecb649f0,TRUE,FALSE,By Lots,TRUE
init.67869ec2-2ffd-4c3b-9a66-57f0fa15753a,Acide Folique 5mg/5ml Sirop (Flacon),product.categ_products_drug_orders,product,150,init.6eaf22c5-60e2-4e10-bcd3-cbe875bb5a1f,init.6eaf22c5-60e2-4e10-bcd3-cbe875bb5a1f,TRUE,TRUE,By Lots,TRUE
init.86118f18-f615-4507-9707-8af57c3c5f85,Adrenaline 1mg/ml Injectable (Amp),product.categ_products_drug_orders,product,175,init.4801928b-f31a-4341-bdf2-c982ecb649f0,init.6705f17a-242e-44dc-87fa-ed6a15f2a1cb,TRUE,TRUE,By Lots,TRUE
init.9d3a279a-6ac4-4185-b5d1-ccd640e0e384,Albendazole 400mg Comprime (PAQ/2),product.categ_products_drug_orders,product,10,init.e047c792-e62d-4402-8cad-756a02d140cd,init.e047c792-e62d-4402-8cad-756a02d140cd,FALSE,TRUE,By Lots,TRUE
init.d845c6ae-e5b6-41af-85c2-a8762534f26b,Albendazole 400mg Comprime (BTE/1000),product.categ_products_drug_orders,product,,init.b7c152ea-3412-40d3-8973-724d9e9ef77b,init.b7c152ea-3412-40d3-8973-724d9e9ef77b,TRUE,FALSE,By Lots,TRUE
init.063f0621-1c30-4f49-b0f9-d1791885bb0d,Albendazole 400mg/10ml Susp. (Flacon/10ml),product.categ_products_drug_orders,product,100,init.935819ff-0126-4e64-b7ff-1948a5c7317e,init.935819ff-0126-4e64-b7ff-1948a5c7317e,TRUE,TRUE,By Lots,TRUE
init.f12e48f1-a606-4fd4-b3f9-7382e946fd7f,Albumin 25% Injectable (Flacon),product.categ_products_drug_orders,product,0,init.6eaf22c5-60e2-4e10-bcd3-cbe875bb5a1f,init.6eaf22c5-60e2-4e10-bcd3-cbe875bb5a1f,TRUE,FALSE,By Lots,TRUE
init.b7cc90fe-508e-404d-b932-4dc800ba538f,Albuterol 2.5mg/3ml Solution (Flacon/3ml),product.categ_products_drug_orders,product,75,init.8d2d23f3-c6c4-4c8d-9567-5d385ea936e4,init.8d2d23f3-c6c4-4c8d-9567-5d385ea936e4,TRUE,TRUE,By Lots,TRUE
init.c2ade8a2-5b9f-4434-90f4-3a32cab73d1c,Alcohol 70 degrees (70%) Liguid (GAL),product.categ_products_drug_orders,product,700,init.191e8434-6087-4b8c-b30c-0fa01cd53ccb,init.3cbac683-bb0c-49d2-b6bf-007022c73ec1,TRUE,TRUE,By Lots,TRUE
init.d8199934-82b6-4729-841d-22671539f6ea,Aliments Suplementaires Prets a l'emploi (ASPE) (Paquet),product.categ_products_drug_orders,product,0,init.e6727dc7-967d-4bf6-9caf-af8a4997a62d,init.e6727dc7-967d-4bf6-9caf-af8a4997a62d,TRUE,TRUE,By Lots,TRUE
init.ea3d813b-35a3-49ba-a619-27e6bfb853bf,Aliments Suplementaires Prets a l'emploi (ATPE) (Paquet),product.categ_products_drug_orders,product,0,init.e6727dc7-967d-4bf6-9caf-af8a4997a62d,init.e6727dc7-967d-4bf6-9caf-af8a4997a62d,TRUE,TRUE,By Lots,TRUE
init.ba9af153-d96e-4e67-be0b-b2fb3afec06d,Aluminum & Magnesium hydroxide & Simethicone 550mg/15ml Susp. (Flacon/240ml),product.categ_products_drug_orders,product,350,init.3b10054a-3ccb-47ee-82d8-d545822ea328,init.3b10054a-3ccb-47ee-82d8-d545822ea328,TRUE,TRUE,By Lots,TRUE
init.c05f629e-645c-4ea4-9cbe-78a04b01bc52,Aminophyllin 100mg/5ml Injectable (Amp),product.categ_products_drug_orders,product,125,init.4801928b-f31a-4341-bdf2-c982ecb649f0,init.6705f17a-242e-44dc-87fa-ed6a15f2a1cb,TRUE,TRUE,By Lots,TRUE
init.45ddaf4f-067b-4ffc-903c-e928473a5481,Amiodarone 200mg Comprime (PAQ/30),product.categ_products_drug_orders,product,0,init.4fc93bbe-bb54-4e20-ae5f-a5cec41de5fa,init.4fc93bbe-bb54-4e20-ae5f-a5cec41de5fa,TRUE,TRUE,By Lots,TRUE
init.0442f73a-25e4-4d26-9775-67a14a9ba344,Amiodarone 150mg/3ml Injectable (Vial),product.categ_products_drug_orders,product,300,init.d7218e57-1380-43f6-bd39-2df185ec53d2,init.d7218e57-1380-43f6-bd39-2df185ec53d2,TRUE,TRUE,By Lots,TRUE
init.977c707e-5e5f-4fd2-ace2-a94ca337596d,Amlodipine 10mg Comprime (PAQ/30),product.categ_products_drug_orders,product,120,init.4fc93bbe-bb54-4e20-ae5f-a5cec41de5fa,init.4fc93bbe-bb54-4e20-ae5f-a5cec41de5fa,FALSE,TRUE,By Lots,TRUE
init.23039903-1f8a-4629-b881-f33812d1a39d,Amlodipine 10mg Comprime (BTE/100),product.categ_products_drug_orders,product,,init.4801928b-f31a-4341-bdf2-c982ecb649f0,init.4801928b-f31a-4341-bdf2-c982ecb649f0,TRUE,FALSE,By Lots,TRUE
init.bc1a0f9e-bf4a-458e-81e3-d47f6b84a4a5,Amoxicillin 500mg Comprime (PAQ/20),product.categ_products_drug_orders,product,90,init.c509eecb-1566-4cd0-8a5e-524c95be94ec,init.c509eecb-1566-4cd0-8a5e-524c95be94ec,FALSE,TRUE,By Lots,TRUE
init.46e31c72-5cba-4353-94c1-9e6d76180a47,Amoxicillin 500mg Comprime (BTE/100),product.categ_products_drug_orders,product,,init.4801928b-f31a-4341-bdf2-c982ecb649f0,init.4801928b-f31a-4341-bdf2-c982ecb649f0,TRUE,FALSE,By Lots,TRUE
init.4223c03c-dd05-4a9f-8d91-af629b0ba4be,Amoxicillin 125mg/5ml Susp. (Flacon/240ml),product.categ_products_drug_orders,product,175,init.3b10054a-3ccb-47ee-82d8-d545822ea328,init.3b10054a-3ccb-47ee-82d8-d545822ea328,TRUE,TRUE,By Lots,TRUE
init.a624c1f2-4436-41db-9328-907214c484e7,Amoxicillin 250mg/5ml Susp. (Flacon/240ml),product.categ_products_drug_orders,product,175,init.3b10054a-3ccb-47ee-82d8-d545822ea328,init.3b10054a-3ccb-47ee-82d8-d545822ea328,TRUE,TRUE,By Lots,TRUE
init.df721c53-7c8a-460b-ae00-a4d6d9181e01,Amoxicillin & Clavulanic acid 500mg+125mg Comprime (PAQ/20),product.categ_products_drug_orders,product,1200,init.c509eecb-1566-4cd0-8a5e-524c95be94ec,init.c509eecb-1566-4cd0-8a5e-524c95be94ec,FALSE,TRUE,By Lots,TRUE
init.4d954ad9-744f-41bb-bca6-223795b5965c,Amoxicillin & Clavulanic acid 500mg+125mg Comprime (BTE/50),product.categ_products_drug_orders,product,,init.80671710-747a-453e-adf3-cad0466228e0,init.80671710-747a-453e-adf3-cad0466228e0,TRUE,FALSE,By Lots,TRUE
init.09b692c2-5deb-408b-967f-9f066228c58f,Amoxicillin & Clavulanic acid 250+62.5mg/5ml Susp. (Flacon/120ml),product.categ_products_drug_orders,product,950,init.e7445030-1136-41e3-8745-72ac9b03a2df,init.e7445030-1136-41e3-8745-72ac9b03a2df,TRUE,TRUE,By Lots,TRUE
init.faf7d817-347c-4ec0-80d7-9b2329aae458,Ampicillin 1g Injectable (Flacon),product.categ_products_drug_orders,product,65,init.6eaf22c5-60e2-4e10-bcd3-cbe875bb5a1f,init.6eaf22c5-60e2-4e10-bcd3-cbe875bb5a1f,TRUE,TRUE,By Lots,TRUE
init.0e25fe0f-0797-4720-8d70-fe657432b2b2,Aspirin 81mg Comprime (PAQ/30),product.categ_products_drug_orders,product,100,init.4fc93bbe-bb54-4e20-ae5f-a5cec41de5fa,init.4fc93bbe-bb54-4e20-ae5f-a5cec41de5fa,FALSE,TRUE,By Lots,TRUE
init.f4125e24-7e42-416b-870e-6e47936822ec,Aspirin 81mg Comprime (BTE/100),product.categ_products_drug_orders,product,,init.4801928b-f31a-4341-bdf2-c982ecb649f0,init.4801928b-f31a-4341-bdf2-c982ecb649f0,TRUE,FALSE,By Lots,TRUE
init.d0110aa4-0ced-4762-bc71-3c0a3bf1f735,Atropine 1mg/ml Injectable (Flacon),product.categ_products_drug_orders,product,125,init.6eaf22c5-60e2-4e10-bcd3-cbe875bb5a1f,init.6eaf22c5-60e2-4e10-bcd3-cbe875bb5a1f,TRUE,TRUE,By Lots,TRUE
init.9779f643-b66c-4611-87ab-69fffb29f4a2,Azithromycin 500mg Comprime (PAQ/3),product.categ_products_drug_orders,product,150,init.f4ef97de-7f88-48aa-bb23-9d7dec44cc53,init.f4ef97de-7f88-48aa-bb23-9d7dec44cc53,FALSE,TRUE,By Lots,TRUE
init.60391a86-ef3c-4879-ad43-be33f6e0725c,Azithromycin 500mg Comprime (BTE/10),product.categ_products_drug_orders,product,,init.7af90e2b-eb9f-4ddd-b4f0-2179f8431abc,init.7af90e2b-eb9f-4ddd-b4f0-2179f8431abc,TRUE,FALSE,By Lots,TRUE
init.7f70a6a9-5cec-4ec7-8358-195e2e9e6839,Azithromycin 200mg/5ml Susp. (Flacon/30ml),product.categ_products_drug_orders,product,300,init.0a98a3e6-3a77-4a24-9839-2827d38a6a31,init.0a98a3e6-3a77-4a24-9839-2827d38a6a31,TRUE,TRUE,By Lots,TRUE
init.3ac047ce-7f47-4c7d-89f0-2020b604690c,Vitamin B Complex Injectable (Vial/10ml),product.categ_products_drug_orders,product,80,init.f5076686-b72b-401c-b900-c9b354cba0f3,init.f5076686-b72b-401c-b900-c9b354cba0f3,TRUE,TRUE,By Lots,TRUE
init.52b37721-ebec-47f7-8916-f8d124412e06,"Vitamin B Complex (B1, B6, B12) 500mg Comprime (BTE/20)",product.categ_products_drug_orders,product,475,init.eb85991b-0e68-42bc-b192-8711546e48f6,init.eb85991b-0e68-42bc-b192-8711546e48f6,TRUE,TRUE,By Lots,TRUE
init.ba1ef865-1cba-49f5-925b-0913ac8994dd,Benzathine PCN 2.4MUI Injectable (Vial),product.categ_products_drug_orders,product,155,init.d7218e57-1380-43f6-bd39-2df185ec53d2,init.d7218e57-1380-43f6-bd39-2df185ec53d2,TRUE,TRUE,By Lots,TRUE
init.5c843719-12c2-4f92-a952-3037e3a7184c,Benzyl benzoate 25% Lotion (Flacon/100ml),product.categ_products_drug_orders,product,200,init.ee54972c-e732-407d-95b3-d2b559208373,init.ee54972c-e732-407d-95b3-d2b559208373,TRUE,TRUE,By Lots,TRUE
init.9583ae4d-da99-4daf-a059-5dc84304bee4,Benzyl PCN 5MUI Injectable (Vial),product.categ_products_drug_orders,product,100,init.d7218e57-1380-43f6-bd39-2df185ec53d2,init.d7218e57-1380-43f6-bd39-2df185ec53d2,TRUE,TRUE,By Lots,TRUE
init.85f5feb0-0ea2-4118-b5bb-868a6eb78e55,Benzyl PCN Procaine 3MUI+1MUI Injectable (Vial),product.categ_products_drug_orders,product,0,init.d7218e57-1380-43f6-bd39-2df185ec53d2,init.d7218e57-1380-43f6-bd39-2df185ec53d2,TRUE,TRUE,By Lots,TRUE
init.320ac100-2a20-4b10-9569-89415bda266f,Biperidene lactate 2mg Injectable (Amp),product.categ_products_drug_orders,product,0,init.6705f17a-242e-44dc-87fa-ed6a15f2a1cb,init.6705f17a-242e-44dc-87fa-ed6a15f2a1cb,TRUE,TRUE,By Lots,TRUE
init.f3417290-fb56-4741-a079-e19b56c015d9,Bisacodyl 10mg Comprime (PAQ/10),product.categ_products_drug_orders,product,300,init.50d348c0-9290-4339-ad55-9a752ad65b1e,init.50d348c0-9290-4339-ad55-9a752ad65b1e,FALSE,TRUE,By Lots,TRUE
init.024af7dd-1896-4214-937a-31623f5afd73,Bisacodyl 10mg Comprime (BTE/30),product.categ_products_drug_orders,product,,init.d5c0ef0b-98d9-412f-967e-e1150db9c796,init.d5c0ef0b-98d9-412f-967e-e1150db9c796,TRUE,FALSE,By Lots,TRUE
init.65a14cff-3431-496e-b204-7629e8e62ee3,Brimonidine tartrate 0.15% Gtte (Flacon),product.categ_products_drug_orders,product,,init.6eaf22c5-60e2-4e10-bcd3-cbe875bb5a1f,init.6eaf22c5-60e2-4e10-bcd3-cbe875bb5a1f,TRUE,TRUE,By Lots,TRUE
init.fdd22e85-6d69-414e-bbc8-7a26d90a7c70,Brimonidine & timolol 0.2%+0.5% Gtte (Flacon/10ml),product.categ_products_drug_orders,product,0,init.935819ff-0126-4e64-b7ff-1948a5c7317e,init.935819ff-0126-4e64-b7ff-1948a5c7317e,TRUE,TRUE,By Lots,TRUE
init.91aea75e-2126-462a-88d8-1222399aa109,Bupivacaine 0.5% Injectable (Vial),product.categ_products_drug_orders,product,0,init.d7218e57-1380-43f6-bd39-2df185ec53d2,init.d7218e57-1380-43f6-bd39-2df185ec53d2,TRUE,TRUE,By Lots,TRUE
init.7884e91b-9d0f-4d89-bb11-df9a4cd11d65,Bupivacaine & glucose 0.5%+8.4% Injectable (Amp/4ml),product.categ_products_drug_orders,product,950,init.8fc3062b-3368-4fdf-bd7c-13ef0aaaed8f,init.8fc3062b-3368-4fdf-bd7c-13ef0aaaed8f,TRUE,TRUE,By Lots,TRUE
init.489a04d1-fb60-49e3-8d0c-79c676a3a751,Calamine 8% Lotion (Flacon/120ml),product.categ_products_drug_orders,product,150,init.e7445030-1136-41e3-8745-72ac9b03a2df,init.e7445030-1136-41e3-8745-72ac9b03a2df,TRUE,TRUE,By Lots,TRUE
init.c703930f-700a-4881-89e2-c1206e8053fe,Calcium 500mg Comprime (PAQ/30),product.categ_products_drug_orders,product,425,init.4fc93bbe-bb54-4e20-ae5f-a5cec41de5fa,init.4fc93bbe-bb54-4e20-ae5f-a5cec41de5fa,FALSE,TRUE,By Lots,TRUE
init.3d8876c7-4098-40cf-9799-cd5946b5aa6d,Calcium 500mg Comprime (BTE/500),product.categ_products_drug_orders,product,,init.916022db-1463-4a44-8871-8823233bec10,init.916022db-1463-4a44-8871-8823233bec10,TRUE,FALSE,By Lots,TRUE
init.e2805e35-b1c6-4430-8626-7a21d8525958,Calcium & vit 600mg Comprime (PAQ/30),product.categ_products_drug_orders,product,425,init.4fc93bbe-bb54-4e20-ae5f-a5cec41de5fa,init.4fc93bbe-bb54-4e20-ae5f-a5cec41de5fa,FALSE,TRUE,By Lots,TRUE
init.51e450c9-5cbf-41f9-bca4-a1ded4a03b61,Calcium & vit 600mg Comprime (BTE/500),product.categ_products_drug_orders,product,,init.916022db-1463-4a44-8871-8823233bec10,init.916022db-1463-4a44-8871-8823233bec10,TRUE,FALSE,By Lots,TRUE
init.e235910d-1ea3-4096-bc9d-2caac6f2f00b,Carvedilol 6.25mg Comprime (BTE/30),product.categ_products_drug_orders,product,870,init.d5c0ef0b-98d9-412f-967e-e1150db9c796,init.d5c0ef0b-98d9-412f-967e-e1150db9c796,TRUE,TRUE,By Lots,TRUE
init.94e4b472-47d9-4976-bd2a-27ec4baa245c,Carvedilol 25mg Comprime (BTE/30),product.categ_products_drug_orders,product,1150,init.d5c0ef0b-98d9-412f-967e-e1150db9c796,init.d5c0ef0b-98d9-412f-967e-e1150db9c796,TRUE,TRUE,By Lots,TRUE
init.1da9b2dc-d74e-4ce5-bdba-c31a75409b12,Cefalexin 500mg Comprime (PAQ/20),product.categ_products_drug_orders,product,180,init.c509eecb-1566-4cd0-8a5e-524c95be94ec,init.c509eecb-1566-4cd0-8a5e-524c95be94ec,FALSE,TRUE,By Lots,TRUE
init.0e42907e-674f-488f-bbf8-678acbab1e08,Cefalexin 500mg Comprime (BTE/100),product.categ_products_drug_orders,product,,init.4801928b-f31a-4341-bdf2-c982ecb649f0,init.4801928b-f31a-4341-bdf2-c982ecb649f0,TRUE,FALSE,By Lots,TRUE
init.69ccc6d1-b1e7-402e-9691-3a41117497d2,Cefalexin 250mg/5ml Susp. (Flacon/60ml),product.categ_products_drug_orders,product,180,init.ac501594-d99a-42e9-a713-08d1f8ca1cef,init.ac501594-d99a-42e9-a713-08d1f8ca1cef,TRUE,TRUE,By Lots,TRUE
init.dbd6d969-de0c-49fd-be95-49ff9be64752,Cefotaxime 1g Injectable (Vial),product.categ_products_drug_orders,product,275,init.d7218e57-1380-43f6-bd39-2df185ec53d2,init.d7218e57-1380-43f6-bd39-2df185ec53d2,TRUE,TRUE,By Lots,TRUE
init.06aa3154-6cfc-4208-a083-d0242d7f0511,Ceftriaxone 1g Injectable (Vial),product.categ_products_drug_orders,product,140,init.d7218e57-1380-43f6-bd39-2df185ec53d2,init.d7218e57-1380-43f6-bd39-2df185ec53d2,TRUE,TRUE,By Lots,TRUE
init.c9d9540c-80e0-49ee-8819-44811ecbb23e,Charbon activé 260mg Capsule (PAQ/30),product.categ_products_drug_orders,product,500,init.4fc93bbe-bb54-4e20-ae5f-a5cec41de5fa,init.4fc93bbe-bb54-4e20-ae5f-a5cec41de5fa,FALSE,TRUE,By Lots,TRUE
init.40e26db0-3fcf-444b-bee8-cf476097f3e6,Charbon activé 260mg Capsule (BTE/60),product.categ_products_drug_orders,product,,init.d6182285-4b4a-4545-a8b1-a6bb12e3140e,init.d6182285-4b4a-4545-a8b1-a6bb12e3140e,TRUE,FALSE,By Lots,TRUE
init.419d191c-4de1-46da-98c2-2b8680a0c20a,Chlorhexidine Solution (Flacon/120ml),product.categ_products_drug_orders,product,490,init.e7445030-1136-41e3-8745-72ac9b03a2df,init.e7445030-1136-41e3-8745-72ac9b03a2df,TRUE,TRUE,By Lots,TRUE
init.7f5e37b2-ee61-4c96-95f2-071c17aff8ee,Chlorpromazine 25mg/ml Injectable (Amp),product.categ_products_drug_orders,product,200,init.6705f17a-242e-44dc-87fa-ed6a15f2a1cb,init.6705f17a-242e-44dc-87fa-ed6a15f2a1cb,TRUE,TRUE,By Lots,TRUE
init.5beca5be-52fd-4f24-8693-3e8d0d7090d5,Chlorure de potassium 13.4meq% Injectable (Amp/5ml),product.categ_products_drug_orders,product,90,init.997f5876-160d-483d-877a-133329242217,init.997f5876-160d-483d-877a-133329242217,TRUE,TRUE,By Lots,TRUE
init.5a3dc378-df4f-4079-9a1e-a7ec2db6cf46,Chlorure de sodium 0.9% Gtte (Flacon/15ml),product.categ_products_drug_orders,product,350,init.0ba46518-b728-4dc5-ba66-1cecfa4d2463,init.0ba46518-b728-4dc5-ba66-1cecfa4d2463,TRUE,TRUE,By Lots,TRUE
init.78928edd-5b2f-4d45-9be3-b1f7dbf7dda9,Ciprofloxacin 0.3% Gtte (Flacon/10ml),product.categ_products_drug_orders,product,490,init.935819ff-0126-4e64-b7ff-1948a5c7317e,init.935819ff-0126-4e64-b7ff-1948a5c7317e,TRUE,TRUE,By Lots,TRUE
init.4b6a0eea-3793-4d51-85f3-37c3e3fa3264,Ciprofloxacin 500mg Comprime (PAQ/20),product.categ_products_drug_orders,product,70,init.c509eecb-1566-4cd0-8a5e-524c95be94ec,init.c509eecb-1566-4cd0-8a5e-524c95be94ec,FALSE,TRUE,By Lots,TRUE
init.cf8ecb58-dc4c-41ca-bde3-4141c3556691,Ciprofloxacin 500mg Comprime (BTE/100),product.categ_products_drug_orders,product,,init.4801928b-f31a-4341-bdf2-c982ecb649f0,init.4801928b-f31a-4341-bdf2-c982ecb649f0,TRUE,FALSE,By Lots,TRUE
init.de257e4d-6efd-4fd7-8626-1e9da1d92d1a,Ciprofloxacin 3mg/ml Gtte (Flacon/10ml),product.categ_products_drug_orders,product,0,init.935819ff-0126-4e64-b7ff-1948a5c7317e,init.935819ff-0126-4e64-b7ff-1948a5c7317e,TRUE,TRUE,By Lots,TRUE
init.043fd8b5-bdc1-4709-8152-44b99e1d433d,Cisatracurium 10mg/ml Injectable (Amp),product.categ_products_drug_orders,product,,init.6705f17a-242e-44dc-87fa-ed6a15f2a1cb,init.6705f17a-242e-44dc-87fa-ed6a15f2a1cb,TRUE,TRUE,By Lots,TRUE
init.d23311cd-8ba0-440e-8aeb-5edf028a654f,Clarithromycin 500mg Comprime (PAQ/28),product.categ_products_drug_orders,product,1380,init.5e65bae4-3356-4fb1-b3b8-c04b7bd40dbc,init.5e65bae4-3356-4fb1-b3b8-c04b7bd40dbc,FALSE,TRUE,By Lots,TRUE
init.113e972c-3493-44bc-a135-26a40675ad82,Clarithromycin 500mg Comprime (BTE/100),product.categ_products_drug_orders,product,,init.4801928b-f31a-4341-bdf2-c982ecb649f0,init.4801928b-f31a-4341-bdf2-c982ecb649f0,TRUE,FALSE,By Lots,TRUE
init.92c10645-fa55-4555-9071-24fd6290156d,Clomifen citrate 50mg Comprime (BTE/10),product.categ_products_drug_orders,product,850,init.7af90e2b-eb9f-4ddd-b4f0-2179f8431abc,init.7af90e2b-eb9f-4ddd-b4f0-2179f8431abc,TRUE,TRUE,By Lots,TRUE
init.0b584aa8-7c8f-4803-b616-8e31a5e35e2f,Clopidogrel 75mg Comprime (BTE/30),product.categ_products_drug_orders,product,550,init.d5c0ef0b-98d9-412f-967e-e1150db9c796,init.d5c0ef0b-98d9-412f-967e-e1150db9c796,TRUE,TRUE,By Lots,TRUE
init.84796f31-9a33-46d9-a9d4-630c97a25fac,Cloxacillin 500mg Comprime (BTE/30),product.categ_products_drug_orders,product,315,init.4801928b-f31a-4341-bdf2-c982ecb649f0,init.4801928b-f31a-4341-bdf2-c982ecb649f0,FALSE,TRUE,By Lots,TRUE
init.79b84ab4-1eca-4332-a3c8-7e8022dbd135,Cloxacillin 500mg Comprime (BTE/100),product.categ_products_drug_orders,product,,init.d5c0ef0b-98d9-412f-967e-e1150db9c796,init.d5c0ef0b-98d9-412f-967e-e1150db9c796,TRUE,FALSE,By Lots,TRUE
init.1b7b9ec0-da07-4b7c-b24a-55bd405cd2e0,Cloxacillin 500mg Injectable (Vial),product.categ_products_drug_orders,product,315,init.d7218e57-1380-43f6-bd39-2df185ec53d2,init.d7218e57-1380-43f6-bd39-2df185ec53d2,TRUE,TRUE,By Lots,TRUE
init.54bf39ee-3100-4228-a5fc-d59c8c74fbcc,Cloxacillin 250mg/5ml Susp. (Flacon/120ml),product.categ_products_drug_orders,product,620,init.e7445030-1136-41e3-8745-72ac9b03a2df,init.e7445030-1136-41e3-8745-72ac9b03a2df,TRUE,TRUE,By Lots,TRUE
init.315847c0-fd48-466e-abd5-53d5ba41d6d8,Cortisone & antibio & antimycosique Creme (Tube/30g),product.categ_products_drug_orders,product,425,init.c8eb9e8f-f51d-4a8f-9e3a-cdc13005aace,init.c8eb9e8f-f51d-4a8f-9e3a-cdc13005aace,TRUE,TRUE,By Lots,TRUE
init.0c6a3a7f-1541-4126-9c8e-b34cf981202e,Co-trimoxazole 400mg+80mg Comprime (PAQ/20),product.categ_products_drug_orders,product,45,init.c509eecb-1566-4cd0-8a5e-524c95be94ec,init.c509eecb-1566-4cd0-8a5e-524c95be94ec,FALSE,TRUE,By Lots,TRUE
init.91cefc47-721a-429f-a6cf-2aa43f1f3db5,Co-trimoxazole 400mg+80mg Comprime (BTE/100),product.categ_products_drug_orders,product,,init.4801928b-f31a-4341-bdf2-c982ecb649f0,init.4801928b-f31a-4341-bdf2-c982ecb649f0,TRUE,FALSE,By Lots,TRUE
init.ab4f8fc9-2037-4ac8-a193-50b0afa1593c,Co-trimoxazole 200mg+40mg/5ml Susp. (Flacon/100ml),product.categ_products_drug_orders,product,170,init.ee54972c-e732-407d-95b3-d2b559208373,init.ee54972c-e732-407d-95b3-d2b559208373,TRUE,TRUE,By Lots,TRUE
init.60a6e0e5-20b2-4dce-b8da-c58192e587b3,Cyclopentolate 2% Gtte Flacon,product.categ_products_drug_orders,product,0,init.6eaf22c5-60e2-4e10-bcd3-cbe875bb5a1f,init.6eaf22c5-60e2-4e10-bcd3-cbe875bb5a1f,TRUE,TRUE,By Lots,TRUE
init.d24c9dce-7321-42b6-a764-214c6c765a65,Dextran in NaCl 0.9% Injectable (Flacon/500ml),product.categ_products_drug_orders,product,3000,init.6572ac35-ee5b-406b-81b8-8ca116b66d08,init.6572ac35-ee5b-406b-81b8-8ca116b66d08,TRUE,TRUE,By Lots,TRUE
init.cffce174-7730-4518-ab8c-ee3cf47c7951,Diazepam 5mg Comprime (PAQ/10),product.categ_products_drug_orders,product,100,init.50d348c0-9290-4339-ad55-9a752ad65b1e,init.50d348c0-9290-4339-ad55-9a752ad65b1e,FALSE,TRUE,By Lots,TRUE
init.f3cfae5c-86c8-4454-a417-c2742a0aa976,Diazepam 5mg Comprime (BTE/1000),product.categ_products_drug_orders,product,,init.b7c152ea-3412-40d3-8973-724d9e9ef77b,init.b7c152ea-3412-40d3-8973-724d9e9ef77b,TRUE,FALSE,By Lots,TRUE
init.fbe3915d-89c1-4afd-b452-7858473283da,Diazepam 10mg/2ml Injectable (Amp/2ml),product.categ_products_drug_orders,product,200,init.63539063-4c65-49af-8154-c102bab9b890,init.63539063-4c65-49af-8154-c102bab9b890,TRUE,TRUE,By Lots,TRUE
init.0831bd0d-4473-4428-b7fd-3b16353bb01f,Diclofenac 75mg/3ml Injectable (Amp/3ml),product.categ_products_drug_orders,product,40,init.a1b6d6af-a056-4a6d-ac23-78aca2ae892b,init.a1b6d6af-a056-4a6d-ac23-78aca2ae892b,TRUE,TRUE,By Lots,TRUE
init.1f5ecfe7-1363-4804-bd38-c8801203f27b,Diclofenac 2% Tube (Tube/20g),product.categ_products_drug_orders,product,170,init.23441b9b-947c-49a8-babf-75e55a82f6db,init.23441b9b-947c-49a8-babf-75e55a82f6db,TRUE,TRUE,By Lots,TRUE
init.7f069580-c3e3-4f38-8ffb-9886ef72b0b9,Diclofenac co 50mg Comprime (PAQ/20),product.categ_products_drug_orders,product,100,init.c509eecb-1566-4cd0-8a5e-524c95be94ec,init.c509eecb-1566-4cd0-8a5e-524c95be94ec,FALSE,TRUE,By Lots,TRUE
init.02c65370-5c9f-43fc-8a16-d10cbbcb2c28,Diclofenac co 50mg Comprime (BTE/100),product.categ_products_drug_orders,product,,init.4801928b-f31a-4341-bdf2-c982ecb649f0,init.4801928b-f31a-4341-bdf2-c982ecb649f0,TRUE,FALSE,By Lots,TRUE
init.21d34038-3aae-4f35-9898-5e351c9299f2,Digoxin 0.25mg Comprime (PAQ/30),product.categ_products_drug_orders,product,150,init.4fc93bbe-bb54-4e20-ae5f-a5cec41de5fa,init.4fc93bbe-bb54-4e20-ae5f-a5cec41de5fa,FALSE,TRUE,By Lots,TRUE
init.ce512c8d-973c-4fb4-8617-d484f2df0881,Digoxin 0.25mg Comprime (BTE/100),product.categ_products_drug_orders,product,,init.4801928b-f31a-4341-bdf2-c982ecb649f0,init.4801928b-f31a-4341-bdf2-c982ecb649f0,TRUE,FALSE,By Lots,TRUE
init.17c145ec-29b3-4237-abf9-b3d215e429cd,Digoxin 0.05mg/ml Solution (Flacon/60ml),product.categ_products_drug_orders,product,1000,init.ac501594-d99a-42e9-a713-08d1f8ca1cef,init.ac501594-d99a-42e9-a713-08d1f8ca1cef,TRUE,TRUE,By Lots,TRUE
init.3d66222c-c683-41d2-b1fb-dd5c52c6ea27,Digoxin 0.25mg/ml Injectable (Vial),product.categ_products_drug_orders,product,0,init.d7218e57-1380-43f6-bd39-2df185ec53d2,init.d7218e57-1380-43f6-bd39-2df185ec53d2,TRUE,TRUE,By Lots,TRUE
init.df9d6b72-cda1-412e-9bf8-fe284d9db9aa,Dipirona (Dipyrone) 1g/2ml Injectable (BTE/100),product.categ_products_drug_orders,product,40,init.22109614-7512-4739-b28a-783354d19aa1,init.22109614-7512-4739-b28a-783354d19aa1,TRUE,TRUE,By Lots,TRUE
init.70c57795-acfa-4d36-a172-149e509784aa,Dopamine 200mg/5ml Injectable (Amp/5ml),product.categ_products_drug_orders,product,225,init.997f5876-160d-483d-877a-133329242217,init.997f5876-160d-483d-877a-133329242217,TRUE,TRUE,By Lots,TRUE
init.78247729-c4ab-4f6c-87dc-45057a38e46c,Dorzolamine & timolol 25mg/ml Gtte (Flacon/10ml),product.categ_products_drug_orders,product,0,init.935819ff-0126-4e64-b7ff-1948a5c7317e,init.935819ff-0126-4e64-b7ff-1948a5c7317e,TRUE,TRUE,By Lots,TRUE
init.fb7ddb9d-031b-4b9c-ab7e-b3946c4d9be5,Doxycycline 100mg Comprime (PAQ/20),product.categ_products_drug_orders,product,120,init.c509eecb-1566-4cd0-8a5e-524c95be94ec,init.c509eecb-1566-4cd0-8a5e-524c95be94ec,FALSE,TRUE,By Lots,TRUE
init.7fbb5111-4c20-452d-8d41-b8179144dc70,Doxycycline 100mg Comprime (BTE/100),product.categ_products_drug_orders,product,,init.4801928b-f31a-4341-bdf2-c982ecb649f0,init.4801928b-f31a-4341-bdf2-c982ecb649f0,TRUE,FALSE,By Lots,TRUE
init.6e50abf7-da9b-4a65-a7da-f9d5fbc181a4,Enalapril 10mg Comprime (PAQ/30),product.categ_products_drug_orders,product,110,init.4fc93bbe-bb54-4e20-ae5f-a5cec41de5fa,init.4fc93bbe-bb54-4e20-ae5f-a5cec41de5fa,FALSE,TRUE,By Lots,TRUE
init.210a39a6-6b97-4f24-bfab-f4c34e7631bf,Enalapril 10mg Comprime (BTE/100),product.categ_products_drug_orders,product,,init.4801928b-f31a-4341-bdf2-c982ecb649f0,init.4801928b-f31a-4341-bdf2-c982ecb649f0,TRUE,FALSE,By Lots,TRUE
init.abaf460e-aa00-40e2-aa9c-c06d7347fe13,Enalapril 20mg Comprime (PAQ/30),product.categ_products_drug_orders,product,120,init.4fc93bbe-bb54-4e20-ae5f-a5cec41de5fa,init.4fc93bbe-bb54-4e20-ae5f-a5cec41de5fa,FALSE,TRUE,By Lots,TRUE
init.088c5d1b-d55a-4c4b-bbf1-bbb34e27ed12,Enalapril 20mg Comprime (BTE/100),product.categ_products_drug_orders,product,,init.4801928b-f31a-4341-bdf2-c982ecb649f0,init.4801928b-f31a-4341-bdf2-c982ecb649f0,TRUE,FALSE,By Lots,TRUE
init.72b5ba8c-4a01-4e5b-b214-f585d90187e0,Enalapril 1mg/ml Solution (Flacon/120ml),product.categ_products_drug_orders,product,610,init.e7445030-1136-41e3-8745-72ac9b03a2df,init.e7445030-1136-41e3-8745-72ac9b03a2df,TRUE,TRUE,By Lots,TRUE
init.1bef79a0-8766-4c7a-9f4d-ba744cc033e0,Enoxaparin 0.4mg/0.4ml Injectable,product.categ_products_drug_orders,product,600,init.c1ab30fa-f02b-432f-9f0e-62ff7fa09ac7,init.6705f17a-242e-44dc-87fa-ed6a15f2a1cb,TRUE,TRUE,By Lots,TRUE
init.d72e3084-f875-4535-9fe2-e83c557845f8,Ephedrine 50mg/2ml Injectable (Amp/2ml),product.categ_products_drug_orders,product,1100,init.63539063-4c65-49af-8154-c102bab9b890,init.63539063-4c65-49af-8154-c102bab9b890,TRUE,TRUE,By Lots,TRUE
init.4c5b81b3-1a33-49bc-a2da-847fe54ae887,Erythromycin 500mg Comprime (PAQ/30),product.categ_products_drug_orders,product,400,init.4fc93bbe-bb54-4e20-ae5f-a5cec41de5fa,init.4fc93bbe-bb54-4e20-ae5f-a5cec41de5fa,FALSE,TRUE,By Lots,TRUE
init.f60885c9-31a2-4651-9c30-022a6c5ed823,Erythromycin 500mg Comprime (BTE/1000),product.categ_products_drug_orders,product,,init.b7c152ea-3412-40d3-8973-724d9e9ef77b,init.b7c152ea-3412-40d3-8973-724d9e9ef77b,TRUE,FALSE,By Lots,TRUE
init.dee322b9-2dd6-4ad5-a09f-d97d3de87f79,Erythromycin 250mg/5ml Susp. (Flacon/60ml),product.categ_products_drug_orders,product,250,init.ac501594-d99a-42e9-a713-08d1f8ca1cef,init.ac501594-d99a-42e9-a713-08d1f8ca1cef,TRUE,TRUE,By Lots,TRUE
init.695f8100-627f-4013-8150-5de957f701ca,Esmolol 10mg/ml Injectable (Flacon/10ml),product.categ_products_drug_orders,product,,init.935819ff-0126-4e64-b7ff-1948a5c7317e,init.935819ff-0126-4e64-b7ff-1948a5c7317e,TRUE,TRUE,By Lots,TRUE
init.3fefb9ef-6753-4d23-8438-1c8bcd12ad30,Etomidate 20mg/10ml Injectable (Vial),product.categ_products_drug_orders,product,0,init.d7218e57-1380-43f6-bd39-2df185ec53d2,init.d7218e57-1380-43f6-bd39-2df185ec53d2,TRUE,TRUE,By Lots,TRUE
init.38aa1587-1fe6-4fc6-96c9-6f0c5de4bbeb,Eucerin Lotion (Flacon/200ml),product.categ_products_drug_orders,product,0,init.3920f95e-7ee3-4b48-a8f3-4cdb695fe261,init.3920f95e-7ee3-4b48-a8f3-4cdb695fe261,TRUE,TRUE,By Lots,TRUE
init.2f16040d-1608-4fb1-902d-371bb4db0755,Fenofibrate 40mg Capsule (PAQ/30),product.categ_products_drug_orders,product,0,init.4fc93bbe-bb54-4e20-ae5f-a5cec41de5fa,init.4fc93bbe-bb54-4e20-ae5f-a5cec41de5fa,TRUE,TRUE,By Lots,TRUE
init.2a81086a-e99b-4599-80d8-dbfd7ffbec3a,Fentanyl 0.1mg/2ml Injectable (Vial/2ml),product.categ_products_drug_orders,product,350,init.2bc10ae1-193b-4d56-b8fc-4e7b3e20f849,init.2bc10ae1-193b-4d56-b8fc-4e7b3e20f849,TRUE,TRUE,By Lots,TRUE
init.0db9d429-6fbd-4b4a-a243-8588690b924f,"Fer elementaire & Acide folique 25,1mg Sirop (Flacon/200ml)",product.categ_products_drug_orders,product,350,init.3920f95e-7ee3-4b48-a8f3-4cdb695fe261,init.3920f95e-7ee3-4b48-a8f3-4cdb695fe261,TRUE,TRUE,By Lots,TRUE
init.c278f65b-3ee4-48bb-a5a3-d01b05b19630,Fer sulphate & Acide folique 200mg+0.25mg Comprime (PAQ/30),product.categ_products_drug_orders,product,80,init.4fc93bbe-bb54-4e20-ae5f-a5cec41de5fa,init.4fc93bbe-bb54-4e20-ae5f-a5cec41de5fa,FALSE,TRUE,By Lots,TRUE
init.2db963ac-6017-4a3e-b755-e80c5087105e,Fer sulphate & Acide folique 200mg+0.25mg Comprime (BTE/100),product.categ_products_drug_orders,product,,init.4801928b-f31a-4341-bdf2-c982ecb649f0,init.4801928b-f31a-4341-bdf2-c982ecb649f0,TRUE,FALSE,By Lots,TRUE
init.01ec7cb4-9d19-4e04-851f-bf2581a565ae,Ferrous sulphate Gtte (Flacon/30ml),product.categ_products_drug_orders,product,580,init.61809dab-d60c-4f3a-9f0a-d33c7c7f1925,init.61809dab-d60c-4f3a-9f0a-d33c7c7f1925,TRUE,TRUE,By Lots,TRUE
init.565de6fa-50ae-4b13-b4ef-4435ec3b0059,Fluconazole 150mg Comprime,product.categ_products_drug_orders,product,50,init.6fbbb779-94ca-4d83-8e02-8a559627b9fb,init.6fbbb779-94ca-4d83-8e02-8a559627b9fb,TRUE,TRUE,By Lots,TRUE
init.a2152270-e8c4-4992-a17f-33e2c0187772,Flumazenil 0.1mg/ml Injectable (Amp/1ml),product.categ_products_drug_orders,product,1350,init.03ccb8c1-f683-4e6c-8e9b-5c07101cfe34,init.03ccb8c1-f683-4e6c-8e9b-5c07101cfe34,TRUE,TRUE,By Lots,TRUE
init.2ea2e3e5-e790-4633-93ac-d3372f1733bc,Furosemide 10mg/ml Solution (Flacon/120ml),product.categ_products_drug_orders,product,600,init.e7445030-1136-41e3-8745-72ac9b03a2df,init.e7445030-1136-41e3-8745-72ac9b03a2df,TRUE,TRUE,By Lots,TRUE
init.1c1125fc-55a3-4c37-9b52-fb11af3e7537,Furosemide 40mg Comprime (PAQ/30),product.categ_products_drug_orders,product,100,init.4fc93bbe-bb54-4e20-ae5f-a5cec41de5fa,init.4fc93bbe-bb54-4e20-ae5f-a5cec41de5fa,FALSE,TRUE,By Lots,TRUE
init.08267190-1063-47f9-90c8-171dcdfcd039,Furosemide 40mg Comprime (BTE/100),product.categ_products_drug_orders,product,,init.4801928b-f31a-4341-bdf2-c982ecb649f0,init.4801928b-f31a-4341-bdf2-c982ecb649f0,TRUE,FALSE,By Lots,TRUE
init.0f4d9fd2-5f3f-4f3c-af6e-81c0e8b8b4ab,Furosemide 10mg/ml Injectable (Amp/2ml),product.categ_products_drug_orders,product,40,init.63539063-4c65-49af-8154-c102bab9b890,init.63539063-4c65-49af-8154-c102bab9b890,TRUE,TRUE,By Lots,TRUE
init.152242e1-6d06-455e-9b94-758b7fa4e3d5,Gabapentin 300mg Comprime (PAQ/30),product.categ_products_drug_orders,product,1500,init.4fc93bbe-bb54-4e20-ae5f-a5cec41de5fa,init.4fc93bbe-bb54-4e20-ae5f-a5cec41de5fa,FALSE,TRUE,By Lots,TRUE
init.3e921c91-3c58-4965-9628-40d6a1161b5c,Gabapentin 300mg Comprime (BTE/100),product.categ_products_drug_orders,product,,init.4801928b-f31a-4341-bdf2-c982ecb649f0,init.4801928b-f31a-4341-bdf2-c982ecb649f0,TRUE,FALSE,By Lots,TRUE
init.d0c527e6-2627-4b1f-a91f-bd4deefdf184,Gelofusine 4% Injectable (Flacon/100ml),product.categ_products_drug_orders,product,0,init.ee54972c-e732-407d-95b3-d2b559208373,init.ee54972c-e732-407d-95b3-d2b559208373,TRUE,TRUE,By Lots,TRUE
init.7987b3a8-c74e-4aab-9467-ed0421e49cd5,Gentamicin 80mg/2ml Injectable (Amp/2ml),product.categ_products_drug_orders,product,50,init.63539063-4c65-49af-8154-c102bab9b890,init.63539063-4c65-49af-8154-c102bab9b890,TRUE,TRUE,By Lots,TRUE
init.9cbe1fc5-d2a4-44cf-8d88-c3aa3a376bc8,Glibenclamide 5mg Comprime (PAQ/30),product.categ_products_drug_orders,product,110,init.4fc93bbe-bb54-4e20-ae5f-a5cec41de5fa,init.4fc93bbe-bb54-4e20-ae5f-a5cec41de5fa,FALSE,TRUE,By Lots,TRUE
init.7d829ec5-6f7c-42f6-b477-a2fa371c9759,Glibenclamide 5mg Comprime (BTE/100),product.categ_products_drug_orders,product,,init.4801928b-f31a-4341-bdf2-c982ecb649f0,init.4801928b-f31a-4341-bdf2-c982ecb649f0,TRUE,FALSE,By Lots,TRUE
init.78528c87-f57a-4e3f-affa-522167481547,Gluconate de calcium 10% Injectable (Amp/10ml),product.categ_products_drug_orders,product,225,init.cd2ed16e-8d4b-4bef-a419-11c9574ea560,init.cd2ed16e-8d4b-4bef-a419-11c9574ea560,TRUE,TRUE,By Lots,TRUE
init.26e8920f-3092-49a8-b0bc-d942791d0691,Glycerin 1.4g Supp (BTE/12),product.categ_products_drug_orders,product,70,init.30e96e02-18ba-45b7-99a6-9f898c3934a0,init.30e96e02-18ba-45b7-99a6-9f898c3934a0,TRUE,TRUE,By Lots,TRUE
init.593b0116-e902-4d13-a4c4-ce48294da3d9,Glycerin Adult Supp (BTE/12),product.categ_products_drug_orders,product,70,init.30e96e02-18ba-45b7-99a6-9f898c3934a0,init.30e96e02-18ba-45b7-99a6-9f898c3934a0,TRUE,TRUE,By Lots,TRUE
init.e9399f39-10dd-4f01-901e-c6ab6fe714ad,Glycopyrrolate 0.2mg/ml Injectable (Vial),product.categ_products_drug_orders,product,0,init.d7218e57-1380-43f6-bd39-2df185ec53d2,init.d7218e57-1380-43f6-bd39-2df185ec53d2,TRUE,TRUE,By Lots,TRUE
init.60f0c3c0-ae59-4a37-8bda-1e9e5ec94e61,Griseofulvin 500mg Comprime (PAQ/30),product.categ_products_drug_orders,product,300,init.4fc93bbe-bb54-4e20-ae5f-a5cec41de5fa,init.4fc93bbe-bb54-4e20-ae5f-a5cec41de5fa,FALSE,TRUE,By Lots,TRUE
init.7f36f05b-f185-479d-af4e-c78763abdbc3,Griseofulvin 500mg Comprime (BTE/100),product.categ_products_drug_orders,product,,init.4801928b-f31a-4341-bdf2-c982ecb649f0,init.4801928b-f31a-4341-bdf2-c982ecb649f0,TRUE,FALSE,By Lots,TRUE
init.64e8f2e3-e70c-4184-9c73-178c806cf137,Halperidol 5mg/ml Injectable (Vial),product.categ_products_drug_orders,product,0,init.d7218e57-1380-43f6-bd39-2df185ec53d2,init.d7218e57-1380-43f6-bd39-2df185ec53d2,TRUE,TRUE,By Lots,TRUE
init.dd4c9418-b342-45da-81ae-937d3774b14e,Heparin 5000unit/ml Injectable (Vial/5ml),product.categ_products_drug_orders,product,1000,init.1049cf2c-3aa5-417a-a848-ddbccb8da893,init.1049cf2c-3aa5-417a-a848-ddbccb8da893,TRUE,TRUE,By Lots,TRUE
init.3b3fa759-b4c3-49e7-ab55-e78cb99af00c,Hialorunate de sodium 4mg/ml Gtte (Flacon/10ml),product.categ_products_drug_orders,product,0,init.935819ff-0126-4e64-b7ff-1948a5c7317e,init.935819ff-0126-4e64-b7ff-1948a5c7317e,TRUE,TRUE,By Lots,TRUE
init.79b6d186-f048-456b-bd42-288140dfc6c9,Hialorunate de sodium et oxymetazoline Gtte (Flacon/10ml),product.categ_products_drug_orders,product,0,init.935819ff-0126-4e64-b7ff-1948a5c7317e,init.935819ff-0126-4e64-b7ff-1948a5c7317e,TRUE,TRUE,By Lots,TRUE
init.65d25595-6ba0-44fd-b24e-967f9eba2a57,Hydralazine 20mg/ml Injectable (Amp),product.categ_products_drug_orders,product,500,init.6705f17a-242e-44dc-87fa-ed6a15f2a1cb,init.6705f17a-242e-44dc-87fa-ed6a15f2a1cb,TRUE,TRUE,By Lots,TRUE
init.81eda018-b190-4e0b-89b6-cf8a814b0ea6,Hydrochlorothiazide 25mg Comprime (PAQ/30),product.categ_products_drug_orders,product,120,init.4fc93bbe-bb54-4e20-ae5f-a5cec41de5fa,init.4fc93bbe-bb54-4e20-ae5f-a5cec41de5fa,FALSE,TRUE,By Lots,TRUE
init.7d83eb57-c03b-4f3c-93f5-783c0f221d0c,Hydrochlorothiazide 25mg Comprime (BTE/100),product.categ_products_drug_orders,product,,init.4801928b-f31a-4341-bdf2-c982ecb649f0,init.4801928b-f31a-4341-bdf2-c982ecb649f0,TRUE,FALSE,By Lots,TRUE
init.3d77613f-f1cf-4cb8-8820-00a0cc253f35,Hydrochlorothiazide 50mg Comprime (PAQ/30),product.categ_products_drug_orders,product,120,init.4fc93bbe-bb54-4e20-ae5f-a5cec41de5fa,init.4fc93bbe-bb54-4e20-ae5f-a5cec41de5fa,FALSE,TRUE,By Lots,TRUE
init.8e3d9d18-e238-482a-ad3f-853a8eaa8acb,Hydrochlorothiazide 50mg Comprime (BTE/100),product.categ_products_drug_orders,product,,init.4801928b-f31a-4341-bdf2-c982ecb649f0,init.4801928b-f31a-4341-bdf2-c982ecb649f0,TRUE,FALSE,By Lots,TRUE
init.b4a0fca0-e65f-4185-bb39-f3a2c3402511,Hydrocortisone 100mg Injectable (Vial),product.categ_products_drug_orders,product,150,init.d7218e57-1380-43f6-bd39-2df185ec53d2,init.d7218e57-1380-43f6-bd39-2df185ec53d2,TRUE,TRUE,By Lots,TRUE
init.3b5f874c-2bc8-427c-a627-e247920d8a95,Hydrocortisone 1% Creme (Tube/20g),product.categ_products_drug_orders,product,325,init.23441b9b-947c-49a8-babf-75e55a82f6db,init.23441b9b-947c-49a8-babf-75e55a82f6db,TRUE,TRUE,By Lots,TRUE
init.3d076e94-51f8-4498-9940-54b507a09ef7,Hydrocortisone hemorrhoidal Pommade (Tube/50g),product.categ_products_drug_orders,product,650,init.e6e952d5-4051-4d4b-9733-1a974b266273,init.e6e952d5-4051-4d4b-9733-1a974b266273,TRUE,TRUE,By Lots,TRUE
init.5528d29e-c781-43e0-a8a8-7633553fb441,Hydrogen Peroxide 3% Liquide (Flacon/10ml),product.categ_products_drug_orders,product,200,init.935819ff-0126-4e64-b7ff-1948a5c7317e,init.935819ff-0126-4e64-b7ff-1948a5c7317e,TRUE,TRUE,By Lots,TRUE
init.f278f3e4-bbc1-45ec-b3f7-5ea0825c1157,Ibuprofen 400mg Comprime (PAQ/20),product.categ_products_drug_orders,product,110,init.c509eecb-1566-4cd0-8a5e-524c95be94ec,init.c509eecb-1566-4cd0-8a5e-524c95be94ec,FALSE,TRUE,By Lots,TRUE
init.50a5492e-46f7-4f18-8492-8e9ca88d9188,Ibuprofen 400mg Comprime (BTE/100),product.categ_products_drug_orders,product,,init.4801928b-f31a-4341-bdf2-c982ecb649f0,init.4801928b-f31a-4341-bdf2-c982ecb649f0,TRUE,FALSE,By Lots,TRUE
init.de093236-bb2d-4309-9d4e-f85bb505042c,Ibuprofen 100mg/5ml Sirop (Flacon/100ml),product.categ_products_drug_orders,product,200,init.ee54972c-e732-407d-95b3-d2b559208373,init.ee54972c-e732-407d-95b3-d2b559208373,TRUE,TRUE,By Lots,TRUE
init.504e42d2-63c5-46db-8f3c-c7f6622d9303,Immunoglobulines antirabiques 150ui/ml Injectable (Vial),product.categ_products_drug_orders,product,0,init.d7218e57-1380-43f6-bd39-2df185ec53d2,init.d7218e57-1380-43f6-bd39-2df185ec53d2,TRUE,TRUE,By Lots,TRUE
init.890d42e5-32e2-4974-8650-6293fb138219,Insulin 70 & 30 100ui/ml Injectable (Vial/10ml),product.categ_products_drug_orders,product,1100,init.f5076686-b72b-401c-b900-c9b354cba0f3,init.f5076686-b72b-401c-b900-c9b354cba0f3,TRUE,TRUE,By Lots,TRUE
init.e195d24a-f59b-47a7-b387-55af39e8b28f,Insulin NPH 100ui/ml Injectable (Vial/10ml),product.categ_products_drug_orders,product,950,init.f5076686-b72b-401c-b900-c9b354cba0f3,init.f5076686-b72b-401c-b900-c9b354cba0f3,TRUE,TRUE,By Lots,TRUE
init.e0ed3ebe-6a19-4a61-9bb7-1bd76401c464,Insulin regular 100ui/ml Injectable (Vial/10ml),product.categ_products_drug_orders,product,950,init.f5076686-b72b-401c-b900-c9b354cba0f3,init.f5076686-b72b-401c-b900-c9b354cba0f3,TRUE,TRUE,By Lots,TRUE
init.10f545ec-13d7-4bda-bc02-e8fe3e706ae0,Isosorbide dinitrate 10mg Comprime (PAQ/30),product.categ_products_drug_orders,product,250,init.4fc93bbe-bb54-4e20-ae5f-a5cec41de5fa,init.4fc93bbe-bb54-4e20-ae5f-a5cec41de5fa,FALSE,TRUE,By Lots,TRUE
init.38135472-1516-47b6-806a-4e5e98767a6f,Isosorbide dinitrate 10mg Comprime (BTE/100),product.categ_products_drug_orders,product,,init.4801928b-f31a-4341-bdf2-c982ecb649f0,init.4801928b-f31a-4341-bdf2-c982ecb649f0,TRUE,FALSE,By Lots,TRUE
init.3022d9a8-141f-4716-bce3-efd08fdb0342,Ketamine 50mg/ml Injectable (Vial/5ml),product.categ_products_drug_orders,product,1600,init.1049cf2c-3aa5-417a-a848-ddbccb8da893,init.1049cf2c-3aa5-417a-a848-ddbccb8da893,TRUE,TRUE,By Lots,TRUE
init.a980a921-8d5d-4ab6-be31-a79b061333a2,Ketoconazole 200mg Comprime (PAQ/10),product.categ_products_drug_orders,product,100,init.50d348c0-9290-4339-ad55-9a752ad65b1e,init.50d348c0-9290-4339-ad55-9a752ad65b1e,FALSE,TRUE,By Lots,TRUE
init.f7b0961f-9c0b-47bd-bae7-8e73038eaa8c,Ketoconazole 200mg Comprime (BTE/100),product.categ_products_drug_orders,product,,init.4801928b-f31a-4341-bdf2-c982ecb649f0,init.4801928b-f31a-4341-bdf2-c982ecb649f0,TRUE,FALSE,By Lots,TRUE
init.f471b1ee-1a65-4bb7-80c0-a3cbf7ac322e,Ketoconazole 2% Creme (Tube/20g),product.categ_products_drug_orders,product,170,init.23441b9b-947c-49a8-babf-75e55a82f6db,init.23441b9b-947c-49a8-babf-75e55a82f6db,TRUE,TRUE,By Lots,TRUE
init.d08e701b-a51e-4e7b-b176-64356c697380,Ketoconazole 2% Shampoo (Flacon/100ml),product.categ_products_drug_orders,product,200,init.ee54972c-e732-407d-95b3-d2b559208373,init.ee54972c-e732-407d-95b3-d2b559208373,TRUE,TRUE,By Lots,TRUE
init.a61df272-b181-435c-aa23-05aae8201a2a,Ketorolac 0.5% Gtte (Flacon/5ml),product.categ_products_drug_orders,product,0,init.50ea6656-4976-401d-bcde-4b617fe2bccd,init.50ea6656-4976-401d-bcde-4b617fe2bccd,TRUE,TRUE,By Lots,TRUE
init.c67fe7b6-4830-49df-a5a1-c67abfa9a63b,Labetalol 5mg/ml Injectable (Amp/10ml),product.categ_products_drug_orders,product,1500,init.cd2ed16e-8d4b-4bef-a419-11c9574ea560,init.cd2ed16e-8d4b-4bef-a419-11c9574ea560,TRUE,TRUE,By Lots,TRUE
init.047aebf7-c1df-445a-8a67-7e820d2762d4,Lactated Ringers 1000ml Injectable (Flacon/1000ml),product.categ_products_drug_orders,product,235,init.b9a4a775-c96b-4f0b-8c39-36ab96ae0d9a,init.b9a4a775-c96b-4f0b-8c39-36ab96ae0d9a,TRUE,TRUE,By Lots,TRUE
init.c84117a4-6e21-430b-9bf8-1d86b46766e7,Lait therapeutique F100 Poudre (Paquet),product.categ_products_drug_orders,product,0,init.e6727dc7-967d-4bf6-9caf-af8a4997a62d,init.e6727dc7-967d-4bf6-9caf-af8a4997a62d,TRUE,TRUE,By Lots,TRUE
init.18e4b278-ee50-45cc-8d85-9d66292d4a03,Lait therapeutique F75 Poudre (Paquet),product.categ_products_drug_orders,product,0,init.e6727dc7-967d-4bf6-9caf-af8a4997a62d,init.e6727dc7-967d-4bf6-9caf-af8a4997a62d,TRUE,TRUE,By Lots,TRUE
init.a4ce6caf-28a2-4350-a178-a169ed3c3c9a,Latanoprost 5% Gtte (Flacon/10ml),product.categ_products_drug_orders,product,0,init.935819ff-0126-4e64-b7ff-1948a5c7317e,init.935819ff-0126-4e64-b7ff-1948a5c7317e,TRUE,TRUE,By Lots,TRUE
init.d74151ee-046e-44f5-8f91-f68a8bf57441,Levothyroxine 0.1mg(100mcg) Comprime (PAQ/30),product.categ_products_drug_orders,product,400,init.4fc93bbe-bb54-4e20-ae5f-a5cec41de5fa,init.4fc93bbe-bb54-4e20-ae5f-a5cec41de5fa,FALSE,TRUE,By Lots,TRUE
init.fb31bd53-854f-47c4-9489-ba4cebc7792f,Levothyroxine 0.1mg(100mcg) Comprime (BTE/100),product.categ_products_drug_orders,product,,init.4801928b-f31a-4341-bdf2-c982ecb649f0,init.4801928b-f31a-4341-bdf2-c982ecb649f0,TRUE,FALSE,By Lots,TRUE
init.217e0970-4366-4091-a5c9-8f9f56e8090d,Lidocaine 2% Injectable (Vial/50ml),product.categ_products_drug_orders,product,5,init.a1fc4c79-93db-4633-add1-f7b44eb5fd47,init.a1fc4c79-93db-4633-add1-f7b44eb5fd47,TRUE,TRUE,By Lots,TRUE
init.621d2b23-742d-49bb-883e-0f76c826349a,"Lidocaine & epinephrine dental 2%/1:80,000 Injectable (Vial/1ml)",product.categ_products_drug_orders,product,25,init.7e0f853e-8d3c-4bd2-95f9-2a10bda56059,init.7e0f853e-8d3c-4bd2-95f9-2a10bda56059,TRUE,TRUE,By Lots,TRUE
init.b90b8b23-7ffc-41d4-a794-51f59cece2f4,Loratadine 10mg Comprime (PAQ/10),product.categ_products_drug_orders,product,100,init.50d348c0-9290-4339-ad55-9a752ad65b1e,init.50d348c0-9290-4339-ad55-9a752ad65b1e,FALSE,TRUE,By Lots,TRUE
init.81cb821c-3280-414c-a094-fa645aec55e2,Loratadine 10mg Comprime (BTE/100),product.categ_products_drug_orders,product,,init.4801928b-f31a-4341-bdf2-c982ecb649f0,init.4801928b-f31a-4341-bdf2-c982ecb649f0,TRUE,FALSE,By Lots,TRUE
init.9201973c-72fa-429f-9cef-aa75ee5d011f,Loratadine 5mg/5ml Sirop (Flacon/100ml),product.categ_products_drug_orders,product,150,init.ee54972c-e732-407d-95b3-d2b559208373,init.ee54972c-e732-407d-95b3-d2b559208373,TRUE,TRUE,By Lots,TRUE
init.d20e3ab0-6297-4a6c-9eb9-7af5e9abc05f,Losartan 25mg Comprime (PAQ/30),product.categ_products_drug_orders,product,750,init.4fc93bbe-bb54-4e20-ae5f-a5cec41de5fa,init.4fc93bbe-bb54-4e20-ae5f-a5cec41de5fa,FALSE,TRUE,By Lots,TRUE
init.5c93d673-db43-46a1-967f-1dca8bee2a88,Losartan 25mg Comprime (BTE/100),product.categ_products_drug_orders,product,,init.4801928b-f31a-4341-bdf2-c982ecb649f0,init.4801928b-f31a-4341-bdf2-c982ecb649f0,TRUE,FALSE,By Lots,TRUE
init.75921f20-4011-4043-85af-b240b12eb30c,Losartan 50mg Comprime (PAQ/30),product.categ_products_drug_orders,product,300,init.4fc93bbe-bb54-4e20-ae5f-a5cec41de5fa,init.4fc93bbe-bb54-4e20-ae5f-a5cec41de5fa,FALSE,TRUE,By Lots,TRUE
init.d07dd079-a38d-4957-b5fd-15f689a24e42,Losartan 50mg Comprime (BTE/100),product.categ_products_drug_orders,product,,init.4801928b-f31a-4341-bdf2-c982ecb649f0,init.4801928b-f31a-4341-bdf2-c982ecb649f0,TRUE,FALSE,By Lots,TRUE
init.5cf41c92-7ffd-46c9-bb9a-1ffe35127fac,Magnesium 250mg Comprime (PAQ/30),product.categ_products_drug_orders,product,200,init.4fc93bbe-bb54-4e20-ae5f-a5cec41de5fa,init.4fc93bbe-bb54-4e20-ae5f-a5cec41de5fa,FALSE,TRUE,By Lots,TRUE
init.ec243fdc-58ec-4e62-a60e-0fd2f42ea080,Magnesium 250mg Comprime (BTE/60),product.categ_products_drug_orders,product,,init.d6182285-4b4a-4545-a8b1-a6bb12e3140e,init.d6182285-4b4a-4545-a8b1-a6bb12e3140e,TRUE,FALSE,By Lots,TRUE
init.e5b63fc9-ca90-4127-bfc9-7db224b730e6,Magnesium sulfate 50% Injectable (Vial/50ml),product.categ_products_drug_orders,product,225,init.a1fc4c79-93db-4633-add1-f7b44eb5fd47,init.a1fc4c79-93db-4633-add1-f7b44eb5fd47,TRUE,TRUE,By Lots,TRUE
init.0c4200a6-2fc2-4b19-8d88-6937fb3ed809,Mannitol 20% Injectable (Flacon/100ml),product.categ_products_drug_orders,product,500,init.ee54972c-e732-407d-95b3-d2b559208373,init.ee54972c-e732-407d-95b3-d2b559208373,TRUE,TRUE,By Lots,TRUE
init.8c8280d2-53ab-4b70-aac9-8c512653e3da,Medroxyprogesterone 10mg Comprime (PAQ/10),product.categ_products_drug_orders,product,850,init.50d348c0-9290-4339-ad55-9a752ad65b1e,init.50d348c0-9290-4339-ad55-9a752ad65b1e,FALSE,TRUE,By Lots,TRUE
init.683862c2-8ace-4bd4-90d9-7e1a3736fbbe,Medroxyprogesterone 10mg Comprime (BTE/10),product.categ_products_drug_orders,product,,init.7af90e2b-eb9f-4ddd-b4f0-2179f8431abc,init.7af90e2b-eb9f-4ddd-b4f0-2179f8431abc,TRUE,FALSE,By Lots,TRUE
init.38f76f53-7209-40d4-8810-b04d21b24898,Meperidine Injectable (Vial),product.categ_products_drug_orders,product,0,init.d7218e57-1380-43f6-bd39-2df185ec53d2,init.d7218e57-1380-43f6-bd39-2df185ec53d2,TRUE,TRUE,By Lots,TRUE
init.bc3ae66e-8e10-4578-a7f7-ff689c05867f,Metformin 500mg Comprime (PAQ/30),product.categ_products_drug_orders,product,120,init.4fc93bbe-bb54-4e20-ae5f-a5cec41de5fa,init.4fc93bbe-bb54-4e20-ae5f-a5cec41de5fa,FALSE,TRUE,By Lots,TRUE
init.9dcae25b-6d2d-4806-bc30-0a636c2a5ee4,Metformin 500mg Comprime (BTE/100),product.categ_products_drug_orders,product,,init.4801928b-f31a-4341-bdf2-c982ecb649f0,init.4801928b-f31a-4341-bdf2-c982ecb649f0,TRUE,FALSE,By Lots,TRUE
init.96a77ccd-de13-456a-9f67-559902b9969e,Metformin 850mg Comprime (PAQ/30),product.categ_products_drug_orders,product,150,init.4fc93bbe-bb54-4e20-ae5f-a5cec41de5fa,init.4fc93bbe-bb54-4e20-ae5f-a5cec41de5fa,FALSE,TRUE,By Lots,TRUE
init.0f346d70-d09c-4a5d-ab59-896785c8b1e0,Metformin 850mg Comprime (BTE/100),product.categ_products_drug_orders,product,,init.4801928b-f31a-4341-bdf2-c982ecb649f0,init.4801928b-f31a-4341-bdf2-c982ecb649f0,TRUE,FALSE,By Lots,TRUE
init.7d3d44c4-65d0-4223-99d6-fbafa52bfaa4,Methyldopa 250mg Comprime (PAQ/30),product.categ_products_drug_orders,product,450,init.4fc93bbe-bb54-4e20-ae5f-a5cec41de5fa,init.4fc93bbe-bb54-4e20-ae5f-a5cec41de5fa,FALSE,TRUE,By Lots,TRUE
init.b48dba3a-dab6-425a-8139-db867d8ef546,Methyldopa 250mg Comprime (BTE/1000),product.categ_products_drug_orders,product,,init.b7c152ea-3412-40d3-8973-724d9e9ef77b,init.b7c152ea-3412-40d3-8973-724d9e9ef77b,TRUE,FALSE,By Lots,TRUE
init.8a04ccb8-a834-4253-853f-fd9f16a49120,Methylergometrine 250mcg Comprime (BTE/20),product.categ_products_drug_orders,product,380,init.eb85991b-0e68-42bc-b192-8711546e48f6,init.eb85991b-0e68-42bc-b192-8711546e48f6,TRUE,TRUE,By Lots,TRUE
init.50e13421-a8e7-4c5e-a92d-b2251e86c764,Methylergometrine 200mcg/ml Injectable (Amp/1ml),product.categ_products_drug_orders,product,300,init.03ccb8c1-f683-4e6c-8e9b-5c07101cfe34,init.03ccb8c1-f683-4e6c-8e9b-5c07101cfe34,TRUE,TRUE,By Lots,TRUE
init.ef3cf453-1212-45bf-bbd2-b64790f50047,Metoclopramide 10mg Comprime (PAQ/20),product.categ_products_drug_orders,product,100,init.c509eecb-1566-4cd0-8a5e-524c95be94ec,init.c509eecb-1566-4cd0-8a5e-524c95be94ec,FALSE,TRUE,By Lots,TRUE
init.80ea58f3-37e5-43ef-9ade-55e88ccc911f,Metoclopramide 10mg Comprime (BTE/1000),product.categ_products_drug_orders,product,,init.b7c152ea-3412-40d3-8973-724d9e9ef77b,init.b7c152ea-3412-40d3-8973-724d9e9ef77b,TRUE,FALSE,By Lots,TRUE
init.ef0d2140-6bb2-41ec-8734-e002b3d34cca,Metoclopramide 5mg/ml Injectable (Amp/2ml),product.categ_products_drug_orders,product,75,init.63539063-4c65-49af-8154-c102bab9b890,init.63539063-4c65-49af-8154-c102bab9b890,TRUE,TRUE,By Lots,TRUE
init.ebd00b5b-25ca-47b1-9f0f-430a02774076,Metronidazole 500mg Comprime (PAQ/20),product.categ_products_drug_orders,product,100,init.c509eecb-1566-4cd0-8a5e-524c95be94ec,init.c509eecb-1566-4cd0-8a5e-524c95be94ec,FALSE,TRUE,By Lots,TRUE
init.db57faa5-a690-4fce-9656-d3158fb91311,Metronidazole 500mg Comprime (BTE/100),product.categ_products_drug_orders,product,,init.4801928b-f31a-4341-bdf2-c982ecb649f0,init.4801928b-f31a-4341-bdf2-c982ecb649f0,TRUE,FALSE,By Lots,TRUE
init.2067bd5d-bcb4-47a2-a3c0-bb28689a50c1,Metronidazole 500mg Injectable (Flacon/100ml),product.categ_products_drug_orders,product,135,init.ee54972c-e732-407d-95b3-d2b559208373,init.ee54972c-e732-407d-95b3-d2b559208373,TRUE,TRUE,By Lots,TRUE
init.4ee3e13f-7454-4fce-b2c6-2553fb092734,Metronidazole 250mg/5ml Susp. (Flacon/100ml),product.categ_products_drug_orders,product,150,init.ee54972c-e732-407d-95b3-d2b559208373,init.ee54972c-e732-407d-95b3-d2b559208373,TRUE,TRUE,By Lots,TRUE
init.c2ba92b3-0157-4178-b769-f9b5043fed8a,Midazolam 5mg/5ml Injectable (Amp/5ml),product.categ_products_drug_orders,product,350,init.997f5876-160d-483d-877a-133329242217,init.997f5876-160d-483d-877a-133329242217,TRUE,TRUE,By Lots,TRUE
init.99489c21-1dd5-498f-8020-7f9ad6915207,Mineral oil (Flacon/100ml),product.categ_products_drug_orders,product,350,init.3920f95e-7ee3-4b48-a8f3-4cdb695fe261,init.3920f95e-7ee3-4b48-a8f3-4cdb695fe261,TRUE,TRUE,By Lots,TRUE
init.ed920938-ec0d-42a4-b72d-a6066c01422a,Misoprostol 200mcg Comprime,product.categ_products_drug_orders,product,250,init.6fbbb779-94ca-4d83-8e02-8a559627b9fb,init.4801928b-f31a-4341-bdf2-c982ecb649f0,TRUE,TRUE,By Lots,TRUE
init.b241ff40-a86a-4b0e-8aea-263531e31913,Morphine 10mg/ml Injectable (Vial/1ml),product.categ_products_drug_orders,product,350,init.7e0f853e-8d3c-4bd2-95f9-2a10bda56059,init.7e0f853e-8d3c-4bd2-95f9-2a10bda56059,TRUE,TRUE,By Lots,TRUE
init.ff804f6d-5a03-4594-aab2-5881afae7f09,Morphine (Duramorph) 10mg/10ml Injectable,product.categ_products_drug_orders,product,350,init.1d7d01e6-32fd-4037-941b-736060c2a825,init.22109614-7512-4739-b28a-783354d19aa1,TRUE,TRUE,By Lots,TRUE
init.a4a3b7cd-daff-4edd-84ac-7baa870c98fa,MTV & Fer gttes (pr neonato) Gtte (Flacon/30ml),product.categ_products_drug_orders,product,580,init.0a98a3e6-3a77-4a24-9839-2827d38a6a31,init.0a98a3e6-3a77-4a24-9839-2827d38a6a31,TRUE,TRUE,By Lots,TRUE
init.9a7db37d-ee14-4163-bb16-ff0a1b440996,Multi vitamin & lysine Sirop (Flacon/120ml),product.categ_products_drug_orders,product,350,init.e7445030-1136-41e3-8745-72ac9b03a2df,init.e7445030-1136-41e3-8745-72ac9b03a2df,TRUE,TRUE,By Lots,TRUE
init.d4973169-6f6b-40c2-a65a-7794cca42413,Multi vitamin adult Comprime (PAQ/30),product.categ_products_drug_orders,product,100,init.4fc93bbe-bb54-4e20-ae5f-a5cec41de5fa,init.4fc93bbe-bb54-4e20-ae5f-a5cec41de5fa,FALSE,TRUE,By Lots,TRUE
init.28aa0d0a-73de-4242-a7e4-8de79ad19558,Multi vitamin adult Comprime (BTE/100),product.categ_products_drug_orders,product,,init.4801928b-f31a-4341-bdf2-c982ecb649f0,init.4801928b-f31a-4341-bdf2-c982ecb649f0,TRUE,FALSE,By Lots,TRUE
init.d97c3dd4-24e4-4aaa-9ccb-33fe814b25b6,Multivitamin gttes (pr neonato) Gtte (Flacon/30ml),product.categ_products_drug_orders,product,580,init.0a98a3e6-3a77-4a24-9839-2827d38a6a31,init.0a98a3e6-3a77-4a24-9839-2827d38a6a31,TRUE,TRUE,By Lots,TRUE
init.44d63ef0-962b-4c38-a615-dc9a57f1518f,Naloxone 0.4mg/ml Injectable (Vial/ml),product.categ_products_drug_orders,product,1600,init.7e0f853e-8d3c-4bd2-95f9-2a10bda56059,init.7e0f853e-8d3c-4bd2-95f9-2a10bda56059,TRUE,TRUE,By Lots,TRUE
init.e57cfb3b-ac86-42bc-8ac9-fc6be0d105e2,Neomycin & Bacitracin Pommade (Tube/20g),product.categ_products_drug_orders,product,325,init.23441b9b-947c-49a8-babf-75e55a82f6db,init.23441b9b-947c-49a8-babf-75e55a82f6db,TRUE,TRUE,By Lots,TRUE
init.f6cd224f-dad3-4ecb-97f9-f990ef985d6b,Neostigmine 100mg/ml Injectable (Amp/ml),product.categ_products_drug_orders,product,700,init.03ccb8c1-f683-4e6c-8e9b-5c07101cfe34,init.03ccb8c1-f683-4e6c-8e9b-5c07101cfe34,TRUE,TRUE,By Lots,TRUE
init.98ef1e2e-2a31-4603-80cb-0518a1c9fc7c,Nicardipine 2.5mg/ml Injectable (Vial/5ml),product.categ_products_drug_orders,product,0,init.997f5876-160d-483d-877a-133329242217,init.997f5876-160d-483d-877a-133329242217,TRUE,TRUE,By Lots,TRUE
init.4a462380-8b12-4997-b3b7-a7940f1fa250,Nifedepine IR or SR 20mg Comprime (PAQ/30),product.categ_products_drug_orders,product,435,init.4fc93bbe-bb54-4e20-ae5f-a5cec41de5fa,init.4fc93bbe-bb54-4e20-ae5f-a5cec41de5fa,FALSE,TRUE,By Lots,TRUE
init.f6e95bdf-4d2a-4f98-a0f6-2290622867cf,Nifedepine IR or SR 20mg Comprime (BTE/100),product.categ_products_drug_orders,product,,init.4801928b-f31a-4341-bdf2-c982ecb649f0,init.4801928b-f31a-4341-bdf2-c982ecb649f0,TRUE,FALSE,By Lots,TRUE
init.98e5762d-e9e9-49d0-a8fb-f48a709debe2,Nitrofurantoin 100mg Comprime (PAQ/20),product.categ_products_drug_orders,product,200,init.c509eecb-1566-4cd0-8a5e-524c95be94ec,init.c509eecb-1566-4cd0-8a5e-524c95be94ec,FALSE,TRUE,By Lots,TRUE
init.7253a79e-ece9-4276-ba32-950d2e350048,Nitrofurantoin 100mg Comprime (BTE/1000),product.categ_products_drug_orders,product,,init.b7c152ea-3412-40d3-8973-724d9e9ef77b,init.b7c152ea-3412-40d3-8973-724d9e9ef77b,TRUE,FALSE,By Lots,TRUE
init.116629a4-048e-408f-937f-2b3e77de6cdc,Nitrofurasone & neomycin & dexamethasone (otofuran®) Gtte (Flacon/10ml),product.categ_products_drug_orders,product,490,init.935819ff-0126-4e64-b7ff-1948a5c7317e,init.935819ff-0126-4e64-b7ff-1948a5c7317e,TRUE,TRUE,By Lots,TRUE
init.892c268c-bf0a-43c7-a0e8-bbb6b727d772,Nitroglycerin 100mg Injectable (Vial),product.categ_products_drug_orders,product,0,init.d7218e57-1380-43f6-bd39-2df185ec53d2,init.d7218e57-1380-43f6-bd39-2df185ec53d2,TRUE,TRUE,By Lots,TRUE
init.b3c17af9-ac75-4272-b76d-d505aaa6269d,Nitroglycerin (glycerine trinitrate) 500mcg Comprime Sublingual (BTE/24),product.categ_products_drug_orders,product,60,init.7109f2c6-5302-4952-b1bd-6e12f7e1626b,init.7109f2c6-5302-4952-b1bd-6e12f7e1626b,TRUE,TRUE,By Lots,TRUE
init.3b26d511-ef39-403a-ae71-a9129e71e437,Nitroprussiate 50mg/2ml Injectable (Vial/2ml),product.categ_products_drug_orders,product,0,init.2bc10ae1-193b-4d56-b8fc-4e7b3e20f849,init.2bc10ae1-193b-4d56-b8fc-4e7b3e20f849,TRUE,TRUE,By Lots,TRUE
init.092c51ec-e424-4447-abcb-eee7a4ff3493,Noradrenaline 4mg/4ml Injectable (Vial/4ml),product.categ_products_drug_orders,product,1000,init.b11bb064-5e6a-4c67-81ab-8cf36e4cefdf,init.b11bb064-5e6a-4c67-81ab-8cf36e4cefdf,TRUE,TRUE,By Lots,TRUE
init.dd5de8d8-0f0d-4e4a-8e96-bd1a5cd7e116,"Nystatin 100,000units Ovule (PAQ/14)",product.categ_products_drug_orders,product,140,init.beabdc93-f6ad-4f7b-8d90-49766f95277d,init.beabdc93-f6ad-4f7b-8d90-49766f95277d,FALSE,TRUE,By Lots,TRUE
init.1d1de81e-4af4-44f4-8dc2-b97b98f19f9d,"Nystatin 100,000units Ovule (BTE/100)",product.categ_products_drug_orders,product,,init.4801928b-f31a-4341-bdf2-c982ecb649f0,init.4801928b-f31a-4341-bdf2-c982ecb649f0,TRUE,FALSE,By Lots,TRUE
init.c495d19a-9878-474a-9164-03888a7742d5,"Nystatin 100,000units/ml Susp. (Flacon/30ml)",product.categ_products_drug_orders,product,150,init.0a98a3e6-3a77-4a24-9839-2827d38a6a31,init.0a98a3e6-3a77-4a24-9839-2827d38a6a31,TRUE,TRUE,By Lots,TRUE
init.eedb9a42-360d-4fe1-806c-edffbfbd14a4,"Nystatin 500,000units Comprime (PAQ/14)",product.categ_products_drug_orders,product,210,init.beabdc93-f6ad-4f7b-8d90-49766f95277d,init.beabdc93-f6ad-4f7b-8d90-49766f95277d,FALSE,TRUE,By Lots,TRUE
init.4c81ab8d-5786-4e41-abb8-ea1353035fb5,"Nystatin 500,000units Comprime (BTE/100)",product.categ_products_drug_orders,product,,init.4801928b-f31a-4341-bdf2-c982ecb649f0,init.4801928b-f31a-4341-bdf2-c982ecb649f0,TRUE,FALSE,By Lots,TRUE
init.7ab133ec-f025-4708-80e6-c11670af8271,"Nystatin & Metronidazole 1,000,000units/500mg Ovule (PAQ/7)",product.categ_products_drug_orders,product,100,init.ecbf0c21-567f-4485-911d-24dd2a39f665,init.ecbf0c21-567f-4485-911d-24dd2a39f665,FALSE,TRUE,By Lots,TRUE
init.5bef0caf-1c33-4b6f-970d-7967b10e76ab,"Nystatin & Metronidazole 1,000,000units/500mg Ovule (BTE/100)",product.categ_products_drug_orders,product,,init.4801928b-f31a-4341-bdf2-c982ecb649f0,init.4801928b-f31a-4341-bdf2-c982ecb649f0,TRUE,FALSE,By Lots,TRUE
init.781cda70-5c95-4639-9e03-2c28f276570c,Ofloxacin 0.3% Gtte (Flacon/10ml),product.categ_products_drug_orders,product,0,init.935819ff-0126-4e64-b7ff-1948a5c7317e,init.935819ff-0126-4e64-b7ff-1948a5c7317e,TRUE,TRUE,By Lots,TRUE
init.94b0f7c9-6648-4da5-98d8-61988142eea4,Omeprazole 20mg Capsule (PAQ/30),product.categ_products_drug_orders,product,115,init.4fc93bbe-bb54-4e20-ae5f-a5cec41de5fa,init.4fc93bbe-bb54-4e20-ae5f-a5cec41de5fa,FALSE,TRUE,By Lots,TRUE
init.7df947b6-701d-4564-81a4-bed0db32829e,Omeprazole 20mg Capsule (BTE/100),product.categ_products_drug_orders,product,,init.4801928b-f31a-4341-bdf2-c982ecb649f0,init.4801928b-f31a-4341-bdf2-c982ecb649f0,TRUE,FALSE,By Lots,TRUE
init.6e7a4eed-c324-4d1e-a020-ddd791be2ee9,Omeprazole 40mg Injectable (Vial),product.categ_products_drug_orders,product,275,init.d7218e57-1380-43f6-bd39-2df185ec53d2,init.d7218e57-1380-43f6-bd39-2df185ec53d2,TRUE,TRUE,By Lots,TRUE
init.830e96ba-e814-4091-8f5b-a0f6a48a14aa,Ondansetron 4mg/2ml Injectable (Vial/2ml),product.categ_products_drug_orders,product,0,init.2bc10ae1-193b-4d56-b8fc-4e7b3e20f849,init.2bc10ae1-193b-4d56-b8fc-4e7b3e20f849,TRUE,TRUE,By Lots,TRUE
init.1dd0ce18-6df8-40ae-bc13-21da3a71d8e5,Oxytocin 10units Injectable (Amp/ml),product.categ_products_drug_orders,product,50,init.03ccb8c1-f683-4e6c-8e9b-5c07101cfe34,init.03ccb8c1-f683-4e6c-8e9b-5c07101cfe34,TRUE,TRUE,By Lots,TRUE
init.db6a8397-962a-49ff-be8e-8045d1ddd4f9,Paracetamol 500mg Comprime (PAQ/20),product.categ_products_drug_orders,product,50,init.c509eecb-1566-4cd0-8a5e-524c95be94ec,init.c509eecb-1566-4cd0-8a5e-524c95be94ec,FALSE,TRUE,By Lots,TRUE
init.0a1b17fb-ff37-489b-bbfe-55e1b08f8a90,Paracetamol 500mg Comprime (BTE/100),product.categ_products_drug_orders,product,,init.4801928b-f31a-4341-bdf2-c982ecb649f0,init.4801928b-f31a-4341-bdf2-c982ecb649f0,TRUE,FALSE,By Lots,TRUE
init.f926ab14-9e6e-491c-849f-1d6be509bd3a,Paracetamol 120mg/5ml Sirop (Flacon/100ml),product.categ_products_drug_orders,product,60,init.ee54972c-e732-407d-95b3-d2b559208373,init.ee54972c-e732-407d-95b3-d2b559208373,TRUE,TRUE,By Lots,TRUE
init.a14e11e6-9e46-437d-932d-0d86bc5d1e7e,Paracetamol 300mg Supp,product.categ_products_drug_orders,product,50,init.d34c85d0-f1c5-44d1-bfe3-d19d5ec875b1,init.d34c85d0-f1c5-44d1-bfe3-d19d5ec875b1,TRUE,TRUE,By Lots,TRUE
init.fa784a6a-0fff-40bb-834a-2c566f837ed2,Paracetamol + chlorzoxasone 325mg+250mg Comprime (BTE/20),product.categ_products_drug_orders,product,650,init.eb85991b-0e68-42bc-b192-8711546e48f6,init.eb85991b-0e68-42bc-b192-8711546e48f6,TRUE,TRUE,By Lots,TRUE
init.1672fb6f-7e42-4368-9809-b8e19467eabe,Paracetamol & codeine 500mg+30mg Comprime (PAQ/20),product.categ_products_drug_orders,product,850,init.c509eecb-1566-4cd0-8a5e-524c95be94ec,init.c509eecb-1566-4cd0-8a5e-524c95be94ec,TRUE,TRUE,By Lots,TRUE
init.c7c422da-eca7-41a8-b720-92ba64b2584a,Parenteral nutrition (peripheral at least) Injecable (Flacon),product.categ_products_drug_orders,product,200,init.6eaf22c5-60e2-4e10-bcd3-cbe875bb5a1f,init.6eaf22c5-60e2-4e10-bcd3-cbe875bb5a1f,TRUE,TRUE,By Lots,TRUE
init.e4699965-3b88-4f34-846f-eadf6011fb11,"Permanganate potassium 1:10,000 Poudre (Flacon/30ml)",product.categ_products_drug_orders,product,0,init.0a98a3e6-3a77-4a24-9839-2827d38a6a31,init.0a98a3e6-3a77-4a24-9839-2827d38a6a31,TRUE,TRUE,By Lots,TRUE
init.dd2ec344-573b-48eb-bbd7-3ea3f2e96e78,Petroleum Pommade (Bocal/200g),product.categ_products_drug_orders,product,350,init.52fa9052-ac12-439c-a4de-662a37299a42,init.52fa9052-ac12-439c-a4de-662a37299a42,TRUE,TRUE,By Lots,TRUE
init.37b9e9d7-80e4-4e33-a28f-dfaaeac01f41,Phenobarbital 200mg/ml Injectable (Amp/2ml),product.categ_products_drug_orders,product,0,init.63539063-4c65-49af-8154-c102bab9b890,init.63539063-4c65-49af-8154-c102bab9b890,TRUE,TRUE,By Lots,TRUE
init.174254a5-014d-45fb-8f99-204ba798347e,Phenobarbital 30mg Comprime (PAQ/30),product.categ_products_drug_orders,product,250,init.4fc93bbe-bb54-4e20-ae5f-a5cec41de5fa,init.4fc93bbe-bb54-4e20-ae5f-a5cec41de5fa,FALSE,TRUE,By Lots,TRUE
init.f0970c51-7157-4206-99a6-0e9841105027,Phenobarbital 30mg Comprime (BTE/1000),product.categ_products_drug_orders,product,,init.b7c152ea-3412-40d3-8973-724d9e9ef77b,init.b7c152ea-3412-40d3-8973-724d9e9ef77b,TRUE,FALSE,By Lots,TRUE
init.12779edf-71ba-4967-8bb9-fa6aa52f1d2f,Phenobarbital 20mg/5ml Sirop (Flacon/60ml),product.categ_products_drug_orders,product,630,init.ac501594-d99a-42e9-a713-08d1f8ca1cef,init.ac501594-d99a-42e9-a713-08d1f8ca1cef,TRUE,TRUE,By Lots,TRUE
init.8b997fb7-fc09-4a43-a7ef-95aa793db649,Phenylephrine 10% Gtte (Flacon/5ml),product.categ_products_drug_orders,product,0,init.50ea6656-4976-401d-bcde-4b617fe2bccd,init.50ea6656-4976-401d-bcde-4b617fe2bccd,TRUE,TRUE,By Lots,TRUE
init.b0e4c3e6-349e-4644-bf59-9144e9d9afcf,Phenylephrine Injectable (Vial/2ml),product.categ_products_drug_orders,product,0,init.2bc10ae1-193b-4d56-b8fc-4e7b3e20f849,init.2bc10ae1-193b-4d56-b8fc-4e7b3e20f849,TRUE,TRUE,By Lots,TRUE
init.eaf3bfb9-a151-40d6-a07f-115228bcb777,Phenytoin 200mg/2ml Injectable (Vial/5ml),product.categ_products_drug_orders,product,650,init.1049cf2c-3aa5-417a-a848-ddbccb8da893,init.1049cf2c-3aa5-417a-a848-ddbccb8da893,TRUE,TRUE,By Lots,TRUE
init.b62299b8-7dab-439d-9d66-25c2fdf8d3ed,Phenytoin 100mg Comprime (PAQ/30),product.categ_products_drug_orders,product,250,init.4fc93bbe-bb54-4e20-ae5f-a5cec41de5fa,init.4fc93bbe-bb54-4e20-ae5f-a5cec41de5fa,FALSE,TRUE,By Lots,TRUE
init.525b053d-7671-48b4-9675-27c2c492ebfa,Phenytoin 100mg Comprime (BTE/1000),product.categ_products_drug_orders,product,,init.b7c152ea-3412-40d3-8973-724d9e9ef77b,init.b7c152ea-3412-40d3-8973-724d9e9ef77b,TRUE,FALSE,By Lots,TRUE
init.67f1d7b9-751b-42b6-a49a-e810effbed32,Phytomenadione 10mg/ml Injectable (Amp/ml),product.categ_products_drug_orders,product,175,init.03ccb8c1-f683-4e6c-8e9b-5c07101cfe34,init.03ccb8c1-f683-4e6c-8e9b-5c07101cfe34,TRUE,TRUE,By Lots,TRUE
init.81e89d1b-716f-47af-ac1b-27acd92ad211,Pilocarpine 1% Gtte (Flacon/5ml),product.categ_products_drug_orders,product,0,init.50ea6656-4976-401d-bcde-4b617fe2bccd,init.50ea6656-4976-401d-bcde-4b617fe2bccd,TRUE,TRUE,By Lots,TRUE
init.5c3cf4ab-ebac-474e-837f-9845dad85e06,Potassium chloride Sirop (Flacon/240ml),product.categ_products_drug_orders,product,550,init.3b10054a-3ccb-47ee-82d8-d545822ea328,init.3b10054a-3ccb-47ee-82d8-d545822ea328,TRUE,TRUE,By Lots,TRUE
init.a6b4168f-9262-489c-a143-865c5ba3718e,Povidone iodine 10% Solution (Flacon/240ml),product.categ_products_drug_orders,product,475,init.3b10054a-3ccb-47ee-82d8-d545822ea328,init.3b10054a-3ccb-47ee-82d8-d545822ea328,TRUE,TRUE,By Lots,TRUE
init.8f3d62fe-6d62-4848-9c60-180232f5d6dc,Prednisolone 1% Gtte (Flacon/10ml),product.categ_products_drug_orders,product,0,init.935819ff-0126-4e64-b7ff-1948a5c7317e,init.935819ff-0126-4e64-b7ff-1948a5c7317e,TRUE,TRUE,By Lots,TRUE
init.0c238662-60f9-48ba-8bc4-218067839210,Prednisolone 5mg Comprime (PAQ/30),product.categ_products_drug_orders,product,140,init.4fc93bbe-bb54-4e20-ae5f-a5cec41de5fa,init.4fc93bbe-bb54-4e20-ae5f-a5cec41de5fa,TRUE,TRUE,By Lots,TRUE
init.052758dc-68fc-454e-8a9a-fa0e18fb7f9a,Prednisolone 15mg/5ml Sirop (Flacon/60ml),product.categ_products_drug_orders,product,750,init.ac501594-d99a-42e9-a713-08d1f8ca1cef,init.ac501594-d99a-42e9-a713-08d1f8ca1cef,TRUE,TRUE,By Lots,TRUE
init.e067ee9b-4f11-4fb2-a656-3c4a455b5176,Promethazine 25mg Comprime (PAQ/10),product.categ_products_drug_orders,product,100,init.50d348c0-9290-4339-ad55-9a752ad65b1e,init.50d348c0-9290-4339-ad55-9a752ad65b1e,FALSE,TRUE,By Lots,TRUE
init.7b31312a-bc28-4cec-973d-065c6785a8bd,Promethazine 25mg Comprime (BTE/1000),product.categ_products_drug_orders,product,,init.b7c152ea-3412-40d3-8973-724d9e9ef77b,init.b7c152ea-3412-40d3-8973-724d9e9ef77b,TRUE,FALSE,By Lots,TRUE
init.263b5f58-0e4e-4bc7-a16f-8da4b89182dd,Promethazine 50mg/2ml Injectable (Amp/2ml),product.categ_products_drug_orders,product,190,init.63539063-4c65-49af-8154-c102bab9b890,init.63539063-4c65-49af-8154-c102bab9b890,TRUE,TRUE,By Lots,TRUE
init.334ec069-30f1-4a64-b0a3-4786eea77a73,Propafenone 300mg Comprime (PAQ/30),product.categ_products_drug_orders,product,750,init.4fc93bbe-bb54-4e20-ae5f-a5cec41de5fa,init.4fc93bbe-bb54-4e20-ae5f-a5cec41de5fa,TRUE,TRUE,By Lots,TRUE
init.35d6f663-5bd7-4a05-8121-5cc3c15e1e87,Propofol 10mg/ml Injectable (Vial/20ml),product.categ_products_drug_orders,product,950,init.e7225b6a-332a-40fe-bd8e-646c30c5944a,init.e7225b6a-332a-40fe-bd8e-646c30c5944a,TRUE,TRUE,By Lots,TRUE
init.8080d6ef-9eb9-4f25-a4a0-4c4be9f9f19f,Propranalol 20mg/5ml Susp. (Flacon/120ml),product.categ_products_drug_orders,product,800,init.e7445030-1136-41e3-8745-72ac9b03a2df,init.e7445030-1136-41e3-8745-72ac9b03a2df,TRUE,TRUE,By Lots,TRUE
init.004c4730-9b3a-49cc-80f1-cf8cf9158ae0,Propranalol 40mg Comprime (PAQ/30),product.categ_products_drug_orders,product,950,init.4fc93bbe-bb54-4e20-ae5f-a5cec41de5fa,init.4fc93bbe-bb54-4e20-ae5f-a5cec41de5fa,TRUE,TRUE,By Lots,TRUE
init.03dd0b89-81ad-4a71-abf8-776279eed4bc,Propylthiouracil 50mg Comprime (PAQ/30),product.categ_products_drug_orders,product,0,init.4fc93bbe-bb54-4e20-ae5f-a5cec41de5fa,init.4fc93bbe-bb54-4e20-ae5f-a5cec41de5fa,TRUE,TRUE,By Lots,TRUE
init.081940cf-c399-4616-b7cc-3dff240b0a6b,Protamine sulfate 50mg/5ml Injectable (Vial/5ml),product.categ_products_drug_orders,product,900,init.1049cf2c-3aa5-417a-a848-ddbccb8da893,init.1049cf2c-3aa5-417a-a848-ddbccb8da893,TRUE,TRUE,By Lots,TRUE
init.6e17186b-b4fe-48b1-9265-49195beb0251,Proteines Podre (BTE/400g),product.categ_products_drug_orders,product,375,init.36fcc0f7-dd52-404b-837e-d1a9c06abc45,init.36fcc0f7-dd52-404b-837e-d1a9c06abc45,TRUE,TRUE,By Lots,TRUE
init.f378573f-cc58-48ba-9bec-0d249bb459ac,Pyridoxine (Vitamin B6) 50mg Comprime (PAQ/30),product.categ_products_drug_orders,product,150,init.4fc93bbe-bb54-4e20-ae5f-a5cec41de5fa,init.4fc93bbe-bb54-4e20-ae5f-a5cec41de5fa,FALSE,TRUE,By Lots,TRUE
init.7882a4b4-a9db-40ec-8090-de18329a77a7,Pyridoxine (Vitamin B6) 50mg Comprime (BTE/1000),product.categ_products_drug_orders,product,,init.b7c152ea-3412-40d3-8973-724d9e9ef77b,init.b7c152ea-3412-40d3-8973-724d9e9ef77b,TRUE,FALSE,By Lots,TRUE
init.548f5b45-a6e8-46d1-a3f7-a29e4af98759,Quinine sulfate 600mg/2ml Injectable (Vial/2ml),product.categ_products_drug_orders,product,0,init.2bc10ae1-193b-4d56-b8fc-4e7b3e20f849,init.2bc10ae1-193b-4d56-b8fc-4e7b3e20f849,TRUE,TRUE,By Lots,TRUE
init.59def302-87ca-4970-83ba-50e37d0f73af,"Retinol (Vitamin A) 200,000units Gellule (PAQ/3)",product.categ_products_drug_orders,product,0,init.f4ef97de-7f88-48aa-bb23-9d7dec44cc53,init.f4ef97de-7f88-48aa-bb23-9d7dec44cc53,TRUE,TRUE,By Lots,TRUE
init.358d4613-51c0-4ac4-8390-c652f3ce881d,Rocuronium 10mg/ml Injectable (Vial/ml),product.categ_products_drug_orders,product,2430,init.7e0f853e-8d3c-4bd2-95f9-2a10bda56059,init.7e0f853e-8d3c-4bd2-95f9-2a10bda56059,TRUE,TRUE,By Lots,TRUE
init.813834ff-b5b5-4356-9d5d-aa50b15fd40d,Salbutamol 100mcg/dose Aerosol (Flacon/200doses),product.categ_products_drug_orders,product,450,init.79aa858b-9bb0-425d-b773-ea5d7b713414,init.79aa858b-9bb0-425d-b773-ea5d7b713414,TRUE,TRUE,By Lots,TRUE
init.3e54ff66-0f92-464d-a483-59106d92e3be,Salbutamol 4mg Comprime (PAQ/30),product.categ_products_drug_orders,product,90,init.4fc93bbe-bb54-4e20-ae5f-a5cec41de5fa,init.4fc93bbe-bb54-4e20-ae5f-a5cec41de5fa,FALSE,TRUE,By Lots,TRUE
init.cc52c09b-8343-4ed5-8422-0a86ab5ecc6e,Salbutamol 4mg Comprime (BTE/100),product.categ_products_drug_orders,product,,init.4801928b-f31a-4341-bdf2-c982ecb649f0,init.4801928b-f31a-4341-bdf2-c982ecb649f0,TRUE,FALSE,By Lots,TRUE
init.8f9e67c9-816b-4beb-9c23-b275fddfd277,Sel de rehydratation oral Poudre (PAQ/20g),product.categ_products_drug_orders,product,50,init.488fe969-ef43-4697-af25-048ac478f636,init.488fe969-ef43-4697-af25-048ac478f636,TRUE,TRUE,By Lots,TRUE
init.23be721f-25d7-43d7-a87b-4de2f4e861d1,Serum antitetatique 1500ui/ml Injectable (Amp/ml),product.categ_products_drug_orders,product,300,init.03ccb8c1-f683-4e6c-8e9b-5c07101cfe34,init.03ccb8c1-f683-4e6c-8e9b-5c07101cfe34,TRUE,TRUE,By Lots,TRUE
init.f076ed22-4af8-4fbe-8bb6-d8e430514dd0,Sevoflurane Inhalation (Flacon/250ml),product.categ_products_drug_orders,product,21450,init.9ad20c26-b8f8-4e47-a4fc-7f81e63ec1e8,init.9ad20c26-b8f8-4e47-a4fc-7f81e63ec1e8,TRUE,TRUE,By Lots,TRUE
init.06b92e28-5c2e-494b-af58-29bc5077cae6,Sildenafil 50mg Comprime (PAQ/30),product.categ_products_drug_orders,product,250,init.4fc93bbe-bb54-4e20-ae5f-a5cec41de5fa,init.4fc93bbe-bb54-4e20-ae5f-a5cec41de5fa,FALSE,TRUE,By Lots,TRUE
init.d5272321-fe43-494b-a66f-17064441e628,Sildenafil 50mg Comprime (BTE/100),product.categ_products_drug_orders,product,,init.4801928b-f31a-4341-bdf2-c982ecb649f0,init.4801928b-f31a-4341-bdf2-c982ecb649f0,TRUE,FALSE,By Lots,TRUE
init.243c15e4-8313-4ed5-9b89-1bd38eaf6dcb,Silver sulfadiazine 1% Creme (Bocal/500g),product.categ_products_drug_orders,product,2500,init.dc10faa8-bca0-4d77-bf77-5102209eed7b,init.dc10faa8-bca0-4d77-bf77-5102209eed7b,TRUE,TRUE,By Lots,TRUE
init.9e7e2f44-aa5e-4bf5-b840-0bab5a417d63,Simvastatin 20mg+40mg Comprime (PAQ/30),product.categ_products_drug_orders,product,300,init.4fc93bbe-bb54-4e20-ae5f-a5cec41de5fa,init.4fc93bbe-bb54-4e20-ae5f-a5cec41de5fa,FALSE,TRUE,By Lots,TRUE
init.03b178b6-845b-4a8a-b4df-965019497a65,Simvastatin 20mg+40mg Comprime (BTE/100),product.categ_products_drug_orders,product,,init.4801928b-f31a-4341-bdf2-c982ecb649f0,init.4801928b-f31a-4341-bdf2-c982ecb649f0,TRUE,FALSE,By Lots,TRUE
init.0f493ad2-c0bf-49d9-97c2-13184dfbc073,Sodium bicarbonate 8.4% Injectable (Amp/10ml),product.categ_products_drug_orders,product,450,init.cd2ed16e-8d4b-4bef-a419-11c9574ea560,init.cd2ed16e-8d4b-4bef-a419-11c9574ea560,TRUE,TRUE,By Lots,TRUE
init.b10708fc-c53f-40b1-bd7e-7744a3950177,Sodium chloride 5% Gtte (Flacon/5ml),product.categ_products_drug_orders,product,0,init.50ea6656-4976-401d-bcde-4b617fe2bccd,init.50ea6656-4976-401d-bcde-4b617fe2bccd,TRUE,TRUE,By Lots,TRUE
init.ff403e08-5eea-451c-9a83-465b5c826713,Sodium phosphate (Fleet's) 26g/118ml Liquid (Flacon/100ml),product.categ_products_drug_orders,product,300,init.ee54972c-e732-407d-95b3-d2b559208373,init.ee54972c-e732-407d-95b3-d2b559208373,TRUE,TRUE,By Lots,TRUE
init.3a3f865b-6480-43f3-9536-4265e5a7b359,Spironolactone 25mg Comprime (PAQ/30),product.categ_products_drug_orders,product,550,init.4fc93bbe-bb54-4e20-ae5f-a5cec41de5fa,init.4fc93bbe-bb54-4e20-ae5f-a5cec41de5fa,FALSE,TRUE,By Lots,TRUE
init.a0875b92-6ef2-44e1-98a6-c361b0fdeffe,Spironolactone 25mg Comprime (BTE/30),product.categ_products_drug_orders,product,,init.d5c0ef0b-98d9-412f-967e-e1150db9c796,init.d5c0ef0b-98d9-412f-967e-e1150db9c796,TRUE,FALSE,By Lots,TRUE
init.ae2addbd-31fb-4c2e-ae13-5be59fcd54af,Streptokinase 1500000ui Injectable (Vial),product.categ_products_drug_orders,product,0,init.d7218e57-1380-43f6-bd39-2df185ec53d2,init.d7218e57-1380-43f6-bd39-2df185ec53d2,TRUE,TRUE,By Lots,TRUE
init.48170ce4-96e3-4201-8ac9-565348514dfc,Succinylcholine 20mg/ml Injectable (Vial/10ml),product.categ_products_drug_orders,product,2500,init.f5076686-b72b-401c-b900-c9b354cba0f3,init.f5076686-b72b-401c-b900-c9b354cba0f3,TRUE,TRUE,By Lots,TRUE
init.2579ac31-960d-4bc3-83d2-14e160bebddc,Tamoxifen 20mg Comprime (PAQ/30),product.categ_products_drug_orders,product,2125,init.4fc93bbe-bb54-4e20-ae5f-a5cec41de5fa,init.4fc93bbe-bb54-4e20-ae5f-a5cec41de5fa,FALSE,TRUE,By Lots,TRUE
init.fe1def9a-4b8c-4b59-8ba1-0d0491ec322d,Tamoxifen 20mg Comprime (BTE/100),product.categ_products_drug_orders,product,,init.4801928b-f31a-4341-bdf2-c982ecb649f0,init.4801928b-f31a-4341-bdf2-c982ecb649f0,TRUE,FALSE,By Lots,TRUE
init.2a718fa1-5370-42e5-9c38-5f91774a241c,Tetracycline 1% Pommade (Tube/1g),product.categ_products_drug_orders,product,125,init.50aca11f-0c3d-4651-a507-334bd68a4abf,init.50aca11f-0c3d-4651-a507-334bd68a4abf,TRUE,TRUE,By Lots,TRUE
init.4883bd3f-bfbf-480d-b245-ccfbf13fec91,Thiopental 1g Injectable (Vial),product.categ_products_drug_orders,product,1100,init.d7218e57-1380-43f6-bd39-2df185ec53d2,init.d7218e57-1380-43f6-bd39-2df185ec53d2,TRUE,TRUE,By Lots,TRUE
init.08c5da00-8f92-48e6-bfb2-e6a6be3cb1f9,Timolol 5% Gtte (Flacon/5ml),product.categ_products_drug_orders,product,0,init.50ea6656-4976-401d-bcde-4b617fe2bccd,init.50ea6656-4976-401d-bcde-4b617fe2bccd,TRUE,TRUE,By Lots,TRUE
init.45e8ead1-0954-45c2-9f9a-3c0136d54f2f,Tobramycin 3mg/ml Gtte (Flacon/5ml),product.categ_products_drug_orders,product,0,init.50ea6656-4976-401d-bcde-4b617fe2bccd,init.50ea6656-4976-401d-bcde-4b617fe2bccd,TRUE,TRUE,By Lots,TRUE
init.c00734a9-82f0-4f0f-91c3-39c4db457c1c,Tobramycin & Dexa 4mg/ml Gtte (Flacon/5ml),product.categ_products_drug_orders,product,0,init.50ea6656-4976-401d-bcde-4b617fe2bccd,init.50ea6656-4976-401d-bcde-4b617fe2bccd,TRUE,TRUE,By Lots,TRUE
init.54c54a33-aaa6-4de0-bd91-69cb12b3f9a0,Tobramycin & Dexa 4mg/g Pommade (Tube/3g),product.categ_products_drug_orders,product,0,init.6edd6ede-a608-4d41-830e-e4780984f442,init.6edd6ede-a608-4d41-830e-e4780984f442,TRUE,TRUE,By Lots,TRUE
init.27becf5b-1d28-403f-8ba0-5b1ac294232b,Tocopherol 400ui Gellule (PAQ/20),product.categ_products_drug_orders,product,180,init.c509eecb-1566-4cd0-8a5e-524c95be94ec,init.c509eecb-1566-4cd0-8a5e-524c95be94ec,FALSE,TRUE,By Lots,TRUE
init.21e30048-7d8b-41b9-b98c-15676836f13d,Tocopherol 400ui Gellule (BTE/100),product.categ_products_drug_orders,product,,init.4801928b-f31a-4341-bdf2-c982ecb649f0,init.4801928b-f31a-4341-bdf2-c982ecb649f0,TRUE,FALSE,By Lots,TRUE
init.e7c9e967-deb8-4eea-ba29-e681b9655c8c,Tramadol 50mg Comprime (PAQ/30),product.categ_products_drug_orders,product,0,init.4fc93bbe-bb54-4e20-ae5f-a5cec41de5fa,init.4fc93bbe-bb54-4e20-ae5f-a5cec41de5fa,FALSE,TRUE,By Lots,TRUE
init.062984cf-17e8-4e75-a7db-8cee1795cd2b,Tramadol 50mg Comprime (BTE/100),product.categ_products_drug_orders,product,,init.4801928b-f31a-4341-bdf2-c982ecb649f0,init.4801928b-f31a-4341-bdf2-c982ecb649f0,TRUE,FALSE,By Lots,TRUE
init.e4787ca5-462c-47b5-8657-39c277ac12e3,Tramadol 50mg/ml Injectable (Amp/ml),product.categ_products_drug_orders,product,0,init.03ccb8c1-f683-4e6c-8e9b-5c07101cfe34,init.03ccb8c1-f683-4e6c-8e9b-5c07101cfe34,TRUE,TRUE,By Lots,TRUE
init.cd98c37e-9221-4b60-bbc4-bec32b0767f5,Triamcinolone 10mg/ml Injectable (Vial),product.categ_products_drug_orders,product,1500,init.d7218e57-1380-43f6-bd39-2df185ec53d2,init.d7218e57-1380-43f6-bd39-2df185ec53d2,TRUE,TRUE,By Lots,TRUE
init.8aa13fdd-1abc-493c-99a8-a4a2da12fba6,Vancomycin 1g Injectable (Vial),product.categ_products_drug_orders,product,850,init.d7218e57-1380-43f6-bd39-2df185ec53d2,init.d7218e57-1380-43f6-bd39-2df185ec53d2,TRUE,TRUE,By Lots,TRUE
init.18fa26d4-fc8f-41b0-ae93-7b9fd8ea8e29,Vasopressin 20ui/ml Injectable (Vial),product.categ_products_drug_orders,product,20000,init.d7218e57-1380-43f6-bd39-2df185ec53d2,init.d7218e57-1380-43f6-bd39-2df185ec53d2,TRUE,TRUE,By Lots,TRUE
init.68b0d0d7-7e03-403d-99a8-795191ced670,Vitamine A et D 1200ui Gellule (PAQ/30),product.categ_products_drug_orders,product,150,init.c2ba3844-98b7-4d3c-b98f-4adfc46658ee,init.c2ba3844-98b7-4d3c-b98f-4adfc46658ee,TRUE,TRUE,By Lots,TRUE
init.9eb46be1-ee3d-4e41-b548-5b953362e2e5,Warfarin 5mg Comprime (PAQ/30),product.categ_products_drug_orders,product,340,init.4fc93bbe-bb54-4e20-ae5f-a5cec41de5fa,init.4fc93bbe-bb54-4e20-ae5f-a5cec41de5fa,FALSE,TRUE,By Lots,TRUE
init.cc23d632-e592-4d5b-a690-58104e1150f7,Warfarin 5mg Comprime (BTE/40),product.categ_products_drug_orders,product,,init.eabc1b9b-5463-452f-835b-793da6795aef,init.eabc1b9b-5463-452f-835b-793da6795aef,TRUE,FALSE,By Lots,TRUE
init.f26a76b7-ea31-427f-b21b-08668896ec14,Zinc Pommade (Tube/30g),product.categ_products_drug_orders,product,500,init.c8eb9e8f-f51d-4a8f-9e3a-cdc13005aace,init.c8eb9e8f-f51d-4a8f-9e3a-cdc13005aace,TRUE,TRUE,By Lots,TRUE
init.cc804924-5c2e-4639-8ebe-a2b047b99bba,Zinc 50mg Comprime (PAQ/15),product.categ_products_drug_orders,product,325,init.2f83d39c-ac95-4b05-915f-5715a8992477,init.2f83d39c-ac95-4b05-915f-5715a8992477,FALSE,TRUE,By Lots,TRUE
init.928c3512-560b-4fda-98cc-6eb0d54ee0c9,Zinc 50mg Comprime (BTE 60),product.categ_products_drug_orders,product,,init.d6182285-4b4a-4545-a8b1-a6bb12e3140e,init.d6182285-4b4a-4545-a8b1-a6bb12e3140e,TRUE,FALSE,By Lots,TRUE
init.4e4c63ec-cd3a-4357-91cf-8ca259b42166,Zinc 10mg/ml Solution (Flacon/120ml),product.categ_products_drug_orders,product,450,init.e7445030-1136-41e3-8745-72ac9b03a2df,init.e7445030-1136-41e3-8745-72ac9b03a2df,TRUE,TRUE,By Lots,TRUE