id,product_variant_ids/uuid,name,product_variant_ids/categ_id/id,type,lst_price,uom_id/id,uom_po_id/id
DGR1001,676780ae-f43a-4da8-9afb-e43db7830e59,Celecoxib 200mg,product.categ_products_drug_orders,product,425,57f78dee-f842-4c23-91b8-5d234fd036f7,57f78dee-f842-4c23-91b8-5d234fd036f7
DGR1002,83d4ee6b-637a-4338-a4a8-525617e53f80,Sodium Chloride 0.45%/1000ml,product.categ_products_drug_orders,product,250,1c8463f1-9563-4633-81f9-8e7642d55e48,1c8463f1-9563-4633-81f9-8e7642d55e48
DGR1003,db1fe137-a3ee-4012-9df1-76293b95d705,Sodium Chloride 0.9%/1000ml,product.categ_products_drug_orders,product,235,1c8463f1-9563-4633-81f9-8e7642d55e48,1c8463f1-9563-4633-81f9-8e7642d55e48
DGR1004,a335fae7-71fd-425d-a4d6-c67f30b529b8,Dextrose 10%/1000ml,product.categ_products_drug_orders,product,250,1c8463f1-9563-4633-81f9-8e7642d55e48,1c8463f1-9563-4633-81f9-8e7642d55e48
DGR1005,eaffef22-af66-4e0c-bb1b-d6db06d327e4,Dextrose 5%/1000ml,product.categ_products_drug_orders,product,235,1c8463f1-9563-4633-81f9-8e7642d55e48,1c8463f1-9563-4633-81f9-8e7642d55e48
DGR1006,7e889280-f210-45f8-bedc-18a3118862c3,Dextrose & Sodium Chloride 5%+0.2%/1000ml,product.categ_products_drug_orders,product,250,1c8463f1-9563-4633-81f9-8e7642d55e48,1c8463f1-9563-4633-81f9-8e7642d55e48
DGR1007,d6dd3bae-8cb0-4ca9-8d8a-88faeda73871,Dextrose & Sodium Chloride 5%+0.3%/1000ml,product.categ_products_drug_orders,product,250,1c8463f1-9563-4633-81f9-8e7642d55e48,1c8463f1-9563-4633-81f9-8e7642d55e48
DGR1008,e7c3686c-1f14-480d-983e-94cf9d3ccfe4,Dextrose & Sodium Chloride 5%+0.45%/1000ml,product.categ_products_drug_orders,product,250,1c8463f1-9563-4633-81f9-8e7642d55e48,1c8463f1-9563-4633-81f9-8e7642d55e48
DGR1009,3f6f8971-69e2-48cd-a11e-4198c26e44cb,Dextrose & Sodium Chloride 5%+0.9%/1000ml,product.categ_products_drug_orders,product,235,1c8463f1-9563-4633-81f9-8e7642d55e48,1c8463f1-9563-4633-81f9-8e7642d55e48
DGR1010,cda5e8a5-6a28-41d6-96c1-0a5e8b986f68,Dextrose 50%/50ml,product.categ_products_drug_orders,product,250,1c8463f1-9563-4633-81f9-8e7642d55e48,1c8463f1-9563-4633-81f9-8e7642d55e48
DGR1011,1a3d9c2d-7067-4d68-8f5c-70c4afea89d1,Aciclovir 200mg,product.categ_products_drug_orders,product,0,74ea4fb4-1b15-4530-98b4-eb21865d1a75,74ea4fb4-1b15-4530-98b4-eb21865d1a75
DGR1012,a43bee20-418c-4c5a-af26-879645670104,Acide Ascorbique (Vit C) 500mg,product.categ_products_drug_orders,product,255,74ea4fb4-1b15-4530-98b4-eb21865d1a75,74ea4fb4-1b15-4530-98b4-eb21865d1a75
DGR1013,4274555e-9f6e-471e-a42d-1ef76255f9b8,Acide Ascorbique (Vit C) 500mg/5ml,product.categ_products_drug_orders,product,260,1c8463f1-9563-4633-81f9-8e7642d55e48,1c8463f1-9563-4633-81f9-8e7642d55e48
DGR1014,fac85220-003b-4f2c-a6d6-7acfe219d47d,Acide Ascorbique (Vit C) 100mg/ml,product.categ_products_drug_orders,product,325,2114fcb9-eab7-4ad7-afa3-ae043a542b4c,2114fcb9-eab7-4ad7-afa3-ae043a542b4c
DGR1015,60153e60-0b65-40f4-be54-2a02b92d2eba,Acide Ascorbique (Vit C),product.categ_products_drug_orders,product,0,1c8463f1-9563-4633-81f9-8e7642d55e48,1c8463f1-9563-4633-81f9-8e7642d55e48
DGR1016,4881b787-630a-46e1-ad43-ddfc2b810da7,Acide Folique 5mg,product.categ_products_drug_orders,product,100,74ea4fb4-1b15-4530-98b4-eb21865d1a75,74ea4fb4-1b15-4530-98b4-eb21865d1a75
DGR1017,67869ec2-2ffd-4c3b-9a66-57f0fa15753a,Acide Folique 5mg/5ml,product.categ_products_drug_orders,product,150,1c8463f1-9563-4633-81f9-8e7642d55e48,1c8463f1-9563-4633-81f9-8e7642d55e48
DGR1018,86118f18-f615-4507-9707-8af57c3c5f85,Adrenaline 1mg/ml,product.categ_products_drug_orders,product,175,1c8463f1-9563-4633-81f9-8e7642d55e48,1c8463f1-9563-4633-81f9-8e7642d55e48
DGR1019,9d3a279a-6ac4-4185-b5d1-ccd640e0e384,Albendazole 400mg,product.categ_products_drug_orders,product,10,74ea4fb4-1b15-4530-98b4-eb21865d1a75,74ea4fb4-1b15-4530-98b4-eb21865d1a75
DGR1020,063f0621-1c30-4f49-b0f9-d1791885bb0d,Albendazole 400mg/10ml,product.categ_products_drug_orders,product,100,1c8463f1-9563-4633-81f9-8e7642d55e48,1c8463f1-9563-4633-81f9-8e7642d55e48
DGR1021,f12e48f1-a606-4fd4-b3f9-7382e946fd7f,Albumin 25%,product.categ_products_drug_orders,product,0,1c8463f1-9563-4633-81f9-8e7642d55e48,1c8463f1-9563-4633-81f9-8e7642d55e48
DGR1022,b7cc90fe-508e-404d-b932-4dc800ba538f,Albuterol 2.5mg/3ml,product.categ_products_drug_orders,product,75,2b4ca899-528a-4b5a-a474-4adb2a299be2,2b4ca899-528a-4b5a-a474-4adb2a299be2
DGR1023,c2ade8a2-5b9f-4434-90f4-3a32cab73d1c,Alcohol 70 degrees (70%),product.categ_products_drug_orders,product,700,1c8463f1-9563-4633-81f9-8e7642d55e48,1c8463f1-9563-4633-81f9-8e7642d55e48
DGR1024,d8199934-82b6-4729-841d-22671539f6ea,Aliments Suplementaires Prets a l'emploi (ASPE),product.categ_products_drug_orders,product,0,9ee018c0-24c0-4cf0-ae66-de60d5b3298f,9ee018c0-24c0-4cf0-ae66-de60d5b3298f
DGR1025,ea3d813b-35a3-49ba-a619-27e6bfb853bf,Aliments Suplementaires Prets a l'emploi (ATPE),product.categ_products_drug_orders,product,0,9ee018c0-24c0-4cf0-ae66-de60d5b3298f,9ee018c0-24c0-4cf0-ae66-de60d5b3298f
DGR1026,ba9af153-d96e-4e67-be0b-b2fb3afec06d,Aluminum & Magnesium hydroxide & Simethicone 550mg/15ml,product.categ_products_drug_orders,product,350,1c8463f1-9563-4633-81f9-8e7642d55e48,1c8463f1-9563-4633-81f9-8e7642d55e48
DGR1027,c05f629e-645c-4ea4-9cbe-78a04b01bc52,Aminophyllin 100mg/5ml,product.categ_products_drug_orders,product,125,1c8463f1-9563-4633-81f9-8e7642d55e48,1c8463f1-9563-4633-81f9-8e7642d55e48
DGR1028,45ddaf4f-067b-4ffc-903c-e928473a5481,Amiodarone 200mg,product.categ_products_drug_orders,product,0,74ea4fb4-1b15-4530-98b4-eb21865d1a75,74ea4fb4-1b15-4530-98b4-eb21865d1a75
DGR1029,0442f73a-25e4-4d26-9775-67a14a9ba344,Amiodarone 150mg/3ml,product.categ_products_drug_orders,product,300,1c8463f1-9563-4633-81f9-8e7642d55e48,1c8463f1-9563-4633-81f9-8e7642d55e48
DGR1030,977c707e-5e5f-4fd2-ace2-a94ca337596d,Amlodipine 10mg,product.categ_products_drug_orders,product,120,74ea4fb4-1b15-4530-98b4-eb21865d1a75,74ea4fb4-1b15-4530-98b4-eb21865d1a75
DGR1031,bc1a0f9e-bf4a-458e-81e3-d47f6b84a4a5,Amoxicillin 500mg,product.categ_products_drug_orders,product,90,74ea4fb4-1b15-4530-98b4-eb21865d1a75,74ea4fb4-1b15-4530-98b4-eb21865d1a75
DGR1032,4223c03c-dd05-4a9f-8d91-af629b0ba4be,Amoxicillin 125mg/5ml,product.categ_products_drug_orders,product,175,1c8463f1-9563-4633-81f9-8e7642d55e48,1c8463f1-9563-4633-81f9-8e7642d55e48
DGR1033,a624c1f2-4436-41db-9328-907214c484e7,Amoxicillin 250mg/5ml,product.categ_products_drug_orders,product,175,1c8463f1-9563-4633-81f9-8e7642d55e48,1c8463f1-9563-4633-81f9-8e7642d55e48
DGR1034,df721c53-7c8a-460b-ae00-a4d6d9181e01,Amoxicillin & Clavulanic acid 500mg+125mg,product.categ_products_drug_orders,product,1200,74ea4fb4-1b15-4530-98b4-eb21865d1a75,74ea4fb4-1b15-4530-98b4-eb21865d1a75
DGR1035,09b692c2-5deb-408b-967f-9f066228c58f,Amoxicillin & Clavulanic acid 250+62.5mg/5ml,product.categ_products_drug_orders,product,950,1c8463f1-9563-4633-81f9-8e7642d55e48,1c8463f1-9563-4633-81f9-8e7642d55e48
DGR1036,465654ba-f8e2-46a2-847a-00c77fc78203,Ampicillin 1gram,product.categ_products_drug_orders,product,65,1c8463f1-9563-4633-81f9-8e7642d55e48,1c8463f1-9563-4633-81f9-8e7642d55e48
DGR1037,0e25fe0f-0797-4720-8d70-fe657432b2b2,Aspirin 81mg,product.categ_products_drug_orders,product,100,74ea4fb4-1b15-4530-98b4-eb21865d1a75,74ea4fb4-1b15-4530-98b4-eb21865d1a75
DGR1038,9dc4c548-53f2-477d-a24d-91d7c4e721ea,Atropine 1mg/ml,product.categ_products_drug_orders,product,125,1c8463f1-9563-4633-81f9-8e7642d55e48,1c8463f1-9563-4633-81f9-8e7642d55e48
DGR1039,9779f643-b66c-4611-87ab-69fffb29f4a2,Azithromycin 500mg,product.categ_products_drug_orders,product,150,74ea4fb4-1b15-4530-98b4-eb21865d1a75,74ea4fb4-1b15-4530-98b4-eb21865d1a75
DGR1040,7f70a6a9-5cec-4ec7-8358-195e2e9e6839,Azithromycin 200mg/5ml,product.categ_products_drug_orders,product,300,1c8463f1-9563-4633-81f9-8e7642d55e48,1c8463f1-9563-4633-81f9-8e7642d55e48
DGR1041,3ac047ce-7f47-4c7d-89f0-2020b604690c,B Complex,product.categ_products_drug_orders,product,80,1c8463f1-9563-4633-81f9-8e7642d55e48,1c8463f1-9563-4633-81f9-8e7642d55e48
DGR1042,fbda4051-68b6-4424-b0d5-08da024d8928,"B Complex (B1, B6, B12) 500mg",product.categ_products_drug_orders,product,475,74ea4fb4-1b15-4530-98b4-eb21865d1a75,74ea4fb4-1b15-4530-98b4-eb21865d1a75
DGR1043,ba1ef865-1cba-49f5-925b-0913ac8994dd,Benzathine PCN 2.4mU,product.categ_products_drug_orders,product,155,1c8463f1-9563-4633-81f9-8e7642d55e48,1c8463f1-9563-4633-81f9-8e7642d55e48
DGR1044,5c843719-12c2-4f92-a952-3037e3a7184c,Benzyl benzoate 25%,product.categ_products_drug_orders,product,200,0d0b3654-75ab-4315-9264-2ddbb1e9400c,0d0b3654-75ab-4315-9264-2ddbb1e9400c
DGR1045,9583ae4d-da99-4daf-a059-5dc84304bee4,Benzyl PCN 5mU,product.categ_products_drug_orders,product,100,1c8463f1-9563-4633-81f9-8e7642d55e48,1c8463f1-9563-4633-81f9-8e7642d55e48
DGR1046,85f5feb0-0ea2-4118-b5bb-868a6eb78e55,Benzyl PCN Procaine 3mU+1mU,product.categ_products_drug_orders,product,0,1c8463f1-9563-4633-81f9-8e7642d55e48,1c8463f1-9563-4633-81f9-8e7642d55e48
DGR1047,320ac100-2a20-4b10-9569-89415bda266f,Biperidene lactate 2mg,product.categ_products_drug_orders,product,0,1c8463f1-9563-4633-81f9-8e7642d55e48,1c8463f1-9563-4633-81f9-8e7642d55e48
DGR1048,f3417290-fb56-4741-a079-e19b56c015d9,Bisacodyl 10mg,product.categ_products_drug_orders,product,300,74ea4fb4-1b15-4530-98b4-eb21865d1a75,74ea4fb4-1b15-4530-98b4-eb21865d1a75
DGR1049,e5a53faf-eddc-4ec0-9e8d-0132bf1176d7,Brimonidine tartrate 0.15%,product.categ_products_drug_orders,product,0,2114fcb9-eab7-4ad7-afa3-ae043a542b4c,2114fcb9-eab7-4ad7-afa3-ae043a542b4c
DGR1050,fdd22e85-6d69-414e-bbc8-7a26d90a7c70,Brimonidine & timolol 0.2%+0.5%,product.categ_products_drug_orders,product,0,2114fcb9-eab7-4ad7-afa3-ae043a542b4c,2114fcb9-eab7-4ad7-afa3-ae043a542b4c
DGR1051,91aea75e-2126-462a-88d8-1222399aa109,Bupivacaine 0.5%,product.categ_products_drug_orders,product,0,1c8463f1-9563-4633-81f9-8e7642d55e48,1c8463f1-9563-4633-81f9-8e7642d55e48
DGR1052,7884e91b-9d0f-4d89-bb11-df9a4cd11d65,Bupivacaine & glucose 0.5%+8.4%,product.categ_products_drug_orders,product,950,1c8463f1-9563-4633-81f9-8e7642d55e48,1c8463f1-9563-4633-81f9-8e7642d55e48
DGR1053,489a04d1-fb60-49e3-8d0c-79c676a3a751,Calamine 8%,product.categ_products_drug_orders,product,150,0d0b3654-75ab-4315-9264-2ddbb1e9400c,0d0b3654-75ab-4315-9264-2ddbb1e9400c
DGR1054,c703930f-700a-4881-89e2-c1206e8053fe,Calcium 500mg,product.categ_products_drug_orders,product,425,74ea4fb4-1b15-4530-98b4-eb21865d1a75,74ea4fb4-1b15-4530-98b4-eb21865d1a75
DGR1055,e2805e35-b1c6-4430-8626-7a21d8525958,Calcium & vit 600mg,product.categ_products_drug_orders,product,425,74ea4fb4-1b15-4530-98b4-eb21865d1a75,74ea4fb4-1b15-4530-98b4-eb21865d1a75
DGR1056,60e587d9-94a1-46c7-9f68-da7db6734af0,Carvedilol 6.25mg,product.categ_products_drug_orders,product,870,74ea4fb4-1b15-4530-98b4-eb21865d1a75,74ea4fb4-1b15-4530-98b4-eb21865d1a75
DGR1057,679d044e-b569-499a-b279-9a004bdeb6be,Carvedilol 25mg,product.categ_products_drug_orders,product,1150,74ea4fb4-1b15-4530-98b4-eb21865d1a75,74ea4fb4-1b15-4530-98b4-eb21865d1a75
DGR1058,1da9b2dc-d74e-4ce5-bdba-c31a75409b12,Cefalexin 500mg,product.categ_products_drug_orders,product,180,74ea4fb4-1b15-4530-98b4-eb21865d1a75,74ea4fb4-1b15-4530-98b4-eb21865d1a75
DGR1059,69ccc6d1-b1e7-402e-9691-3a41117497d2,Cefalexin 250mg/5ml,product.categ_products_drug_orders,product,180,1c8463f1-9563-4633-81f9-8e7642d55e48,1c8463f1-9563-4633-81f9-8e7642d55e48
DGR1060,dbd6d969-de0c-49fd-be95-49ff9be64752,Cefotaxime 1gram,product.categ_products_drug_orders,product,275,1c8463f1-9563-4633-81f9-8e7642d55e48,1c8463f1-9563-4633-81f9-8e7642d55e48
DGR1061,06aa3154-6cfc-4208-a083-d0242d7f0511,Ceftriaxone 1gram,product.categ_products_drug_orders,product,140,1c8463f1-9563-4633-81f9-8e7642d55e48,1c8463f1-9563-4633-81f9-8e7642d55e48
DGR1062,c9d9540c-80e0-49ee-8819-44811ecbb23e,Charbon activé 260mg,product.categ_products_drug_orders,product,500,57f78dee-f842-4c23-91b8-5d234fd036f7,57f78dee-f842-4c23-91b8-5d234fd036f7
DGR1063,419d191c-4de1-46da-98c2-2b8680a0c20a,Chlorhexidine,product.categ_products_drug_orders,product,490,1c8463f1-9563-4633-81f9-8e7642d55e48,1c8463f1-9563-4633-81f9-8e7642d55e48
DGR1064,7f5e37b2-ee61-4c96-95f2-071c17aff8ee,Chlorpromazine 25mg/ml,product.categ_products_drug_orders,product,200,1c8463f1-9563-4633-81f9-8e7642d55e48,1c8463f1-9563-4633-81f9-8e7642d55e48
DGR1065,5beca5be-52fd-4f24-8693-3e8d0d7090d5,Chlorure de potassium 13.4meq%,product.categ_products_drug_orders,product,90,1c8463f1-9563-4633-81f9-8e7642d55e48,1c8463f1-9563-4633-81f9-8e7642d55e48
DGR1066,5a3dc378-df4f-4079-9a1e-a7ec2db6cf46,Chlorure de sodium 0.9%,product.categ_products_drug_orders,product,350,2114fcb9-eab7-4ad7-afa3-ae043a542b4c,2114fcb9-eab7-4ad7-afa3-ae043a542b4c
DGR1067,78928edd-5b2f-4d45-9be3-b1f7dbf7dda9,Ciprofloxacin 0.3%,product.categ_products_drug_orders,product,490,2114fcb9-eab7-4ad7-afa3-ae043a542b4c,2114fcb9-eab7-4ad7-afa3-ae043a542b4c
DGR1068,4b6a0eea-3793-4d51-85f3-37c3e3fa3264,Ciprofloxacin 500mg,product.categ_products_drug_orders,product,70,74ea4fb4-1b15-4530-98b4-eb21865d1a75,74ea4fb4-1b15-4530-98b4-eb21865d1a75
DGR1069,de257e4d-6efd-4fd7-8626-1e9da1d92d1a,Ciprofloxacin 3mg/ml,product.categ_products_drug_orders,product,0,2114fcb9-eab7-4ad7-afa3-ae043a542b4c,2114fcb9-eab7-4ad7-afa3-ae043a542b4c
DGR1071,043fd8b5-bdc1-4709-8152-44b99e1d433d,Cisatracurium 10mg/ml,product.categ_products_drug_orders,product,0,1c8463f1-9563-4633-81f9-8e7642d55e48,1c8463f1-9563-4633-81f9-8e7642d55e48
DGR1072,d23311cd-8ba0-440e-8aeb-5edf028a654f,Clarithromycin 500mg,product.categ_products_drug_orders,product,1380,74ea4fb4-1b15-4530-98b4-eb21865d1a75,74ea4fb4-1b15-4530-98b4-eb21865d1a75
DGR1073,100d00db-d55b-4b26-b505-e18494ed5dff,Clomifen citrate 50mg,product.categ_products_drug_orders,product,850,74ea4fb4-1b15-4530-98b4-eb21865d1a75,74ea4fb4-1b15-4530-98b4-eb21865d1a75
DGR1074,72b81460-dc40-4996-8265-29726a7ca3e3,Clopidogrel 75mg,product.categ_products_drug_orders,product,550,74ea4fb4-1b15-4530-98b4-eb21865d1a75,74ea4fb4-1b15-4530-98b4-eb21865d1a75
DGR1075,84796f31-9a33-46d9-a9d4-630c97a25fac,Cloxacillin 500mg,product.categ_products_drug_orders,product,315,74ea4fb4-1b15-4530-98b4-eb21865d1a75,74ea4fb4-1b15-4530-98b4-eb21865d1a75
DGR1076,1b7b9ec0-da07-4b7c-b24a-55bd405cd2e0,Cloxacillin 500mg,product.categ_products_drug_orders,product,315,1c8463f1-9563-4633-81f9-8e7642d55e48,1c8463f1-9563-4633-81f9-8e7642d55e48
DGR1077,54bf39ee-3100-4228-a5fc-d59c8c74fbcc,Cloxacillin 250mg/5ml,product.categ_products_drug_orders,product,620,1c8463f1-9563-4633-81f9-8e7642d55e48,1c8463f1-9563-4633-81f9-8e7642d55e48
DGR1078,315847c0-fd48-466e-abd5-53d5ba41d6d8,Cortisone & antibio & antimycosique,product.categ_products_drug_orders,product,425,0d0b3654-75ab-4315-9264-2ddbb1e9400c,0d0b3654-75ab-4315-9264-2ddbb1e9400c
DGR1079,0c6a3a7f-1541-4126-9c8e-b34cf981202e,Co & trimoxazole 400mg+80mg,product.categ_products_drug_orders,product,45,74ea4fb4-1b15-4530-98b4-eb21865d1a75,74ea4fb4-1b15-4530-98b4-eb21865d1a75
DGR1080,ab4f8fc9-2037-4ac8-a193-50b0afa1593c,Co & trimoxazole 200mg+40mg/5ml,product.categ_products_drug_orders,product,170,1c8463f1-9563-4633-81f9-8e7642d55e48,1c8463f1-9563-4633-81f9-8e7642d55e48
DGR1081,60a6e0e5-20b2-4dce-b8da-c58192e587b3,Cyclopentolate 2%,product.categ_products_drug_orders,product,0,2114fcb9-eab7-4ad7-afa3-ae043a542b4c,2114fcb9-eab7-4ad7-afa3-ae043a542b4c
DGR1082,d24c9dce-7321-42b6-a764-214c6c765a65,Dextran in NaCl 0.9%,product.categ_products_drug_orders,product,3000,1c8463f1-9563-4633-81f9-8e7642d55e48,1c8463f1-9563-4633-81f9-8e7642d55e48
DGR1083,cffce174-7730-4518-ab8c-ee3cf47c7951,Diazepam 5mg,product.categ_products_drug_orders,product,100,74ea4fb4-1b15-4530-98b4-eb21865d1a75,74ea4fb4-1b15-4530-98b4-eb21865d1a75
DGR1084,fbe3915d-89c1-4afd-b452-7858473283da,Diazepam 10mg/2ml,product.categ_products_drug_orders,product,200,1c8463f1-9563-4633-81f9-8e7642d55e48,1c8463f1-9563-4633-81f9-8e7642d55e48
DGR1085,0831bd0d-4473-4428-b7fd-3b16353bb01f,Diclofenac 75mg/3ml,product.categ_products_drug_orders,product,40,1c8463f1-9563-4633-81f9-8e7642d55e48,1c8463f1-9563-4633-81f9-8e7642d55e48
DGR1086,1f5ecfe7-1363-4804-bd38-c8801203f27b,Diclofenac 2%,product.categ_products_drug_orders,product,170,ae89f168-0d9f-4ae4-8aa6-b2f4c27a8e52,ae89f168-0d9f-4ae4-8aa6-b2f4c27a8e52
DGR1087,7f069580-c3e3-4f38-8ffb-9886ef72b0b9,Diclofenac co 50mg,product.categ_products_drug_orders,product,100,74ea4fb4-1b15-4530-98b4-eb21865d1a75,74ea4fb4-1b15-4530-98b4-eb21865d1a75
DGR1088,21d34038-3aae-4f35-9898-5e351c9299f2,Digoxin 0.25mg,product.categ_products_drug_orders,product,150,74ea4fb4-1b15-4530-98b4-eb21865d1a75,74ea4fb4-1b15-4530-98b4-eb21865d1a75
DGR1089,17c145ec-29b3-4237-abf9-b3d215e429cd,Digoxin 0.05mg/ml,product.categ_products_drug_orders,product,1000,1c8463f1-9563-4633-81f9-8e7642d55e48,1c8463f1-9563-4633-81f9-8e7642d55e48
DGR1090,3d66222c-c683-41d2-b1fb-dd5c52c6ea27,Digoxin 0.25mg/ml,product.categ_products_drug_orders,product,0,1c8463f1-9563-4633-81f9-8e7642d55e48,1c8463f1-9563-4633-81f9-8e7642d55e48
DGR1091,df9d6b72-cda1-412e-9bf8-fe284d9db9aa,Dipirona (Dipyrone) 1gram/2ml,product.categ_products_drug_orders,product,40,1c8463f1-9563-4633-81f9-8e7642d55e48,1c8463f1-9563-4633-81f9-8e7642d55e48
DGR1092,70c57795-acfa-4d36-a172-149e509784aa,Dopamine 200mg/5ml,product.categ_products_drug_orders,product,225,1c8463f1-9563-4633-81f9-8e7642d55e48,1c8463f1-9563-4633-81f9-8e7642d55e48
DGR1093,78247729-c4ab-4f6c-87dc-45057a38e46c,Dorzolamine & timolol 25mg/ml,product.categ_products_drug_orders,product,0,2114fcb9-eab7-4ad7-afa3-ae043a542b4c,2114fcb9-eab7-4ad7-afa3-ae043a542b4c
DGR1094,fb7ddb9d-031b-4b9c-ab7e-b3946c4d9be5,Doxycycline 100mg,product.categ_products_drug_orders,product,120,74ea4fb4-1b15-4530-98b4-eb21865d1a75,74ea4fb4-1b15-4530-98b4-eb21865d1a75
DGR1095,6e50abf7-da9b-4a65-a7da-f9d5fbc181a4,Enalapril 10mg,product.categ_products_drug_orders,product,110,74ea4fb4-1b15-4530-98b4-eb21865d1a75,74ea4fb4-1b15-4530-98b4-eb21865d1a75
DGR1096,abaf460e-aa00-40e2-aa9c-c06d7347fe13,Enalapril 20mg,product.categ_products_drug_orders,product,120,74ea4fb4-1b15-4530-98b4-eb21865d1a75,74ea4fb4-1b15-4530-98b4-eb21865d1a75
DGR1097,72b5ba8c-4a01-4e5b-b214-f585d90187e0,Enalapril 1mg/ml,product.categ_products_drug_orders,product,610,1c8463f1-9563-4633-81f9-8e7642d55e48,1c8463f1-9563-4633-81f9-8e7642d55e48
DGR1098,864ceb78-f3f2-4743-b3cc-cdfcaba83d6a,Enoxaparin 0.4mg/0.4ml,product.categ_products_drug_orders,product,600,1c8463f1-9563-4633-81f9-8e7642d55e48,1c8463f1-9563-4633-81f9-8e7642d55e48
DGR1099,d72e3084-f875-4535-9fe2-e83c557845f8,Ephedrine 50mg/2ml,product.categ_products_drug_orders,product,1100,1c8463f1-9563-4633-81f9-8e7642d55e48,1c8463f1-9563-4633-81f9-8e7642d55e48
DGR1100,4c5b81b3-1a33-49bc-a2da-847fe54ae887,Erythromycin 500mg,product.categ_products_drug_orders,product,400,74ea4fb4-1b15-4530-98b4-eb21865d1a75,74ea4fb4-1b15-4530-98b4-eb21865d1a75
DGR1101,dee322b9-2dd6-4ad5-a09f-d97d3de87f79,Erythromycin 250mg/5ml,product.categ_products_drug_orders,product,250,1c8463f1-9563-4633-81f9-8e7642d55e48,1c8463f1-9563-4633-81f9-8e7642d55e48
DGR1102,695f8100-627f-4013-8150-5de957f701ca,Esmolol 10mg/ml,product.categ_products_drug_orders,product,0,1c8463f1-9563-4633-81f9-8e7642d55e48,1c8463f1-9563-4633-81f9-8e7642d55e48
DGR1103,3fefb9ef-6753-4d23-8438-1c8bcd12ad30,Etomidate 20mg/10ml,product.categ_products_drug_orders,product,0,1c8463f1-9563-4633-81f9-8e7642d55e48,1c8463f1-9563-4633-81f9-8e7642d55e48
DGR1104,38aa1587-1fe6-4fc6-96c9-6f0c5de4bbeb,Eucerin,product.categ_products_drug_orders,product,0,0d0b3654-75ab-4315-9264-2ddbb1e9400c,0d0b3654-75ab-4315-9264-2ddbb1e9400c
DGR1105,2f16040d-1608-4fb1-902d-371bb4db0755,Fenofibrate 40mg,product.categ_products_drug_orders,product,0,57f78dee-f842-4c23-91b8-5d234fd036f7,57f78dee-f842-4c23-91b8-5d234fd036f7
DGR1106,2a81086a-e99b-4599-80d8-dbfd7ffbec3a,Fentanyl 0.1mg/2ml,product.categ_products_drug_orders,product,350,1c8463f1-9563-4633-81f9-8e7642d55e48,1c8463f1-9563-4633-81f9-8e7642d55e48
DGR1107,0db9d429-6fbd-4b4a-a243-8588690b924f,"Fer elementaire & Acide folique 25,1mg",product.categ_products_drug_orders,product,350,1c8463f1-9563-4633-81f9-8e7642d55e48,1c8463f1-9563-4633-81f9-8e7642d55e48
DGR1108,c278f65b-3ee4-48bb-a5a3-d01b05b19630,Fer sulphate & Acide folique 200mg+0.25mg,product.categ_products_drug_orders,product,80,74ea4fb4-1b15-4530-98b4-eb21865d1a75,74ea4fb4-1b15-4530-98b4-eb21865d1a75
DGR1109,01ec7cb4-9d19-4e04-851f-bf2581a565ae,Ferrous sulphate,product.categ_products_drug_orders,product,580,2114fcb9-eab7-4ad7-afa3-ae043a542b4c,2114fcb9-eab7-4ad7-afa3-ae043a542b4c
DGR1110,565de6fa-50ae-4b13-b4ef-4435ec3b0059,Fluconazole 150mg,product.categ_products_drug_orders,product,50,74ea4fb4-1b15-4530-98b4-eb21865d1a75,74ea4fb4-1b15-4530-98b4-eb21865d1a75
DGR1111,a2152270-e8c4-4992-a17f-33e2c0187772,Flumazenil 0.1mg/ml,product.categ_products_drug_orders,product,1350,1c8463f1-9563-4633-81f9-8e7642d55e48,1c8463f1-9563-4633-81f9-8e7642d55e48
DGR1112,2ea2e3e5-e790-4633-93ac-d3372f1733bc,Furosemide 10mg/ml,product.categ_products_drug_orders,product,600,1c8463f1-9563-4633-81f9-8e7642d55e48,1c8463f1-9563-4633-81f9-8e7642d55e48
DGR1113,1c1125fc-55a3-4c37-9b52-fb11af3e7537,Furosemide 40mg,product.categ_products_drug_orders,product,100,74ea4fb4-1b15-4530-98b4-eb21865d1a75,74ea4fb4-1b15-4530-98b4-eb21865d1a75
DGR1114,0f4d9fd2-5f3f-4f3c-af6e-81c0e8b8b4ab,Furosemide 10mg/ml,product.categ_products_drug_orders,product,40,1c8463f1-9563-4633-81f9-8e7642d55e48,1c8463f1-9563-4633-81f9-8e7642d55e48
DGR1115,152242e1-6d06-455e-9b94-758b7fa4e3d5,Gabapentin 300mg,product.categ_products_drug_orders,product,1500,74ea4fb4-1b15-4530-98b4-eb21865d1a75,74ea4fb4-1b15-4530-98b4-eb21865d1a75
DGR1116,d0c527e6-2627-4b1f-a91f-bd4deefdf184,Gelofusine 4%,product.categ_products_drug_orders,product,0,1c8463f1-9563-4633-81f9-8e7642d55e48,1c8463f1-9563-4633-81f9-8e7642d55e48
DGR1117,7987b3a8-c74e-4aab-9467-ed0421e49cd5,Gentamicin 80mg/2ml,product.categ_products_drug_orders,product,50,1c8463f1-9563-4633-81f9-8e7642d55e48,1c8463f1-9563-4633-81f9-8e7642d55e48
DGR1118,9cbe1fc5-d2a4-44cf-8d88-c3aa3a376bc8,Glibenclamide 5mg,product.categ_products_drug_orders,product,110,74ea4fb4-1b15-4530-98b4-eb21865d1a75,74ea4fb4-1b15-4530-98b4-eb21865d1a75
DGR1119,78528c87-f57a-4e3f-affa-522167481547,Gluconate de calcium 10%,product.categ_products_drug_orders,product,225,1c8463f1-9563-4633-81f9-8e7642d55e48,1c8463f1-9563-4633-81f9-8e7642d55e48
DGR1120,26e8920f-3092-49a8-b0bc-d942791d0691,Glycerin 1.4g,product.categ_products_drug_orders,product,70,9ee018c0-24c0-4cf0-ae66-de60d5b3298f,9ee018c0-24c0-4cf0-ae66-de60d5b3298f
DGR1121,593b0116-e902-4d13-a4c4-ce48294da3d9,Glycerin Adult,product.categ_products_drug_orders,product,70,9ee018c0-24c0-4cf0-ae66-de60d5b3298f,9ee018c0-24c0-4cf0-ae66-de60d5b3298f
DGR1122,e9399f39-10dd-4f01-901e-c6ab6fe714ad,Glycopyrrolate 0.2mg/ml,product.categ_products_drug_orders,product,0,1c8463f1-9563-4633-81f9-8e7642d55e48,1c8463f1-9563-4633-81f9-8e7642d55e48
DGR1123,60f0c3c0-ae59-4a37-8bda-1e9e5ec94e61,Griseofulvin 500mg,product.categ_products_drug_orders,product,300,74ea4fb4-1b15-4530-98b4-eb21865d1a75,74ea4fb4-1b15-4530-98b4-eb21865d1a75
DGR1124,64e8f2e3-e70c-4184-9c73-178c806cf137,Halperidol 5mg/ml,product.categ_products_drug_orders,product,0,1c8463f1-9563-4633-81f9-8e7642d55e48,1c8463f1-9563-4633-81f9-8e7642d55e48
DGR1125,dd4c9418-b342-45da-81ae-937d3774b14e,Heparin 5000unit/ml,product.categ_products_drug_orders,product,1000,1c8463f1-9563-4633-81f9-8e7642d55e48,1c8463f1-9563-4633-81f9-8e7642d55e48
DGR1126,3b3fa759-b4c3-49e7-ab55-e78cb99af00c,Hialorunate de Na+ 4mg/ml,product.categ_products_drug_orders,product,0,2114fcb9-eab7-4ad7-afa3-ae043a542b4c,2114fcb9-eab7-4ad7-afa3-ae043a542b4c
DGR1127,79b6d186-f048-456b-bd42-288140dfc6c9,Hialorunate de Na+ et oxymetazoline,product.categ_products_drug_orders,product,0,2114fcb9-eab7-4ad7-afa3-ae043a542b4c,2114fcb9-eab7-4ad7-afa3-ae043a542b4c
DGR1128,65d25595-6ba0-44fd-b24e-967f9eba2a57,Hydralazine 20mg/ml,product.categ_products_drug_orders,product,500,1c8463f1-9563-4633-81f9-8e7642d55e48,1c8463f1-9563-4633-81f9-8e7642d55e48
DGR1129,81eda018-b190-4e0b-89b6-cf8a814b0ea6,Hydrochlorothiazide 25mg,product.categ_products_drug_orders,product,120,74ea4fb4-1b15-4530-98b4-eb21865d1a75,74ea4fb4-1b15-4530-98b4-eb21865d1a75
DGR1130,3d77613f-f1cf-4cb8-8820-00a0cc253f35,Hydrochlorothiazide 50mg,product.categ_products_drug_orders,product,120,74ea4fb4-1b15-4530-98b4-eb21865d1a75,74ea4fb4-1b15-4530-98b4-eb21865d1a75
DGR1131,b4a0fca0-e65f-4185-bb39-f3a2c3402511,Hydrocortisone 100mg,product.categ_products_drug_orders,product,150,1c8463f1-9563-4633-81f9-8e7642d55e48,1c8463f1-9563-4633-81f9-8e7642d55e48
DGR1132,3b5f874c-2bc8-427c-a627-e247920d8a95,Hydrocortisone 1%,product.categ_products_drug_orders,product,325,0d0b3654-75ab-4315-9264-2ddbb1e9400c,0d0b3654-75ab-4315-9264-2ddbb1e9400c
DGR1133,3d076e94-51f8-4498-9940-54b507a09ef7,Hydrocortisone hemorrhoidal,product.categ_products_drug_orders,product,650,0d0b3654-75ab-4315-9264-2ddbb1e9400c,0d0b3654-75ab-4315-9264-2ddbb1e9400c
DGR1134,5528d29e-c781-43e0-a8a8-7633553fb441,Hydrogen Peroxide 3%,product.categ_products_drug_orders,product,200,1c8463f1-9563-4633-81f9-8e7642d55e48,1c8463f1-9563-4633-81f9-8e7642d55e48
DGR1135,f278f3e4-bbc1-45ec-b3f7-5ea0825c1157,Ibuprofen 400mg,product.categ_products_drug_orders,product,110,74ea4fb4-1b15-4530-98b4-eb21865d1a75,74ea4fb4-1b15-4530-98b4-eb21865d1a75
DGR1136,de093236-bb2d-4309-9d4e-f85bb505042c,Ibuprofen 100mg/5ml,product.categ_products_drug_orders,product,200,1c8463f1-9563-4633-81f9-8e7642d55e48,1c8463f1-9563-4633-81f9-8e7642d55e48
DGR1137,504e42d2-63c5-46db-8f3c-c7f6622d9303,Immunoglobulines antirabiques 150ui/ml,product.categ_products_drug_orders,product,0,1c8463f1-9563-4633-81f9-8e7642d55e48,1c8463f1-9563-4633-81f9-8e7642d55e48
DGR1138,890d42e5-32e2-4974-8650-6293fb138219,Insulin 70 & 30 100ui/ml,product.categ_products_drug_orders,product,1100,1c8463f1-9563-4633-81f9-8e7642d55e48,1c8463f1-9563-4633-81f9-8e7642d55e48
DGR1139,e195d24a-f59b-47a7-b387-55af39e8b28f,Insulin NPH 100ui/ml,product.categ_products_drug_orders,product,950,1c8463f1-9563-4633-81f9-8e7642d55e48,1c8463f1-9563-4633-81f9-8e7642d55e48
DGR1140,e0ed3ebe-6a19-4a61-9bb7-1bd76401c464,Insulin regular 100ui/ml,product.categ_products_drug_orders,product,950,1c8463f1-9563-4633-81f9-8e7642d55e48,1c8463f1-9563-4633-81f9-8e7642d55e48
DGR1141,10f545ec-13d7-4bda-bc02-e8fe3e706ae0,Isosorbide dinitrate 10mg,product.categ_products_drug_orders,product,250,74ea4fb4-1b15-4530-98b4-eb21865d1a75,74ea4fb4-1b15-4530-98b4-eb21865d1a75
DGR1142,3022d9a8-141f-4716-bce3-efd08fdb0342,Ketamine 50mg/ml,product.categ_products_drug_orders,product,1600,1c8463f1-9563-4633-81f9-8e7642d55e48,1c8463f1-9563-4633-81f9-8e7642d55e48
DGR1143,a980a921-8d5d-4ab6-be31-a79b061333a2,Ketoconazole 200mg,product.categ_products_drug_orders,product,100,74ea4fb4-1b15-4530-98b4-eb21865d1a75,74ea4fb4-1b15-4530-98b4-eb21865d1a75
DGR1144,f471b1ee-1a65-4bb7-80c0-a3cbf7ac322e,Ketoconazole 2%,product.categ_products_drug_orders,product,170,0d0b3654-75ab-4315-9264-2ddbb1e9400c,0d0b3654-75ab-4315-9264-2ddbb1e9400c
DGR1145,d08e701b-a51e-4e7b-b176-64356c697380,Ketoconazole 2%,product.categ_products_drug_orders,product,200,1c8463f1-9563-4633-81f9-8e7642d55e48,1c8463f1-9563-4633-81f9-8e7642d55e48
DGR1146,a61df272-b181-435c-aa23-05aae8201a2a,Ketorolac 0.5%,product.categ_products_drug_orders,product,0,2114fcb9-eab7-4ad7-afa3-ae043a542b4c,2114fcb9-eab7-4ad7-afa3-ae043a542b4c
DGR1147,c67fe7b6-4830-49df-a5a1-c67abfa9a63b,Labetalol 5mg/ml,product.categ_products_drug_orders,product,1500,1c8463f1-9563-4633-81f9-8e7642d55e48,1c8463f1-9563-4633-81f9-8e7642d55e48
DGR1148,047aebf7-c1df-445a-8a67-7e820d2762d4,Lactated Ringers 1000ml,product.categ_products_drug_orders,product,235,1c8463f1-9563-4633-81f9-8e7642d55e48,1c8463f1-9563-4633-81f9-8e7642d55e48
DGR1149,c84117a4-6e21-430b-9bf8-1d86b46766e7,Lait therapeutique F100,product.categ_products_drug_orders,product,0,9ee018c0-24c0-4cf0-ae66-de60d5b3298f,9ee018c0-24c0-4cf0-ae66-de60d5b3298f
DGR1150,18e4b278-ee50-45cc-8d85-9d66292d4a03,Lait therapeutique F75,product.categ_products_drug_orders,product,0,9ee018c0-24c0-4cf0-ae66-de60d5b3298f,9ee018c0-24c0-4cf0-ae66-de60d5b3298f
DGR1151,a4ce6caf-28a2-4350-a178-a169ed3c3c9a,Latanoprost 5%,product.categ_products_drug_orders,product,0,2114fcb9-eab7-4ad7-afa3-ae043a542b4c,2114fcb9-eab7-4ad7-afa3-ae043a542b4c
DGR1152,d74151ee-046e-44f5-8f91-f68a8bf57441,Levothyroxine 0.1mg(100mcg),product.categ_products_drug_orders,product,400,74ea4fb4-1b15-4530-98b4-eb21865d1a75,74ea4fb4-1b15-4530-98b4-eb21865d1a75
DGR1153,217e0970-4366-4091-a5c9-8f9f56e8090d,Lidocaine 2%,product.categ_products_drug_orders,product,5,1c8463f1-9563-4633-81f9-8e7642d55e48,1c8463f1-9563-4633-81f9-8e7642d55e48
DGR1154,621d2b23-742d-49bb-883e-0f76c826349a,"Lidocaine w& epinephrine dental 2%/1:80,000",product.categ_products_drug_orders,product,25,1c8463f1-9563-4633-81f9-8e7642d55e48,1c8463f1-9563-4633-81f9-8e7642d55e48
DGR1155,b90b8b23-7ffc-41d4-a794-51f59cece2f4,Loratadine 10mg,product.categ_products_drug_orders,product,100,74ea4fb4-1b15-4530-98b4-eb21865d1a75,74ea4fb4-1b15-4530-98b4-eb21865d1a75
DGR1156,9201973c-72fa-429f-9cef-aa75ee5d011f,Loratadine 5mg/5ml,product.categ_products_drug_orders,product,150,1c8463f1-9563-4633-81f9-8e7642d55e48,1c8463f1-9563-4633-81f9-8e7642d55e48
DGR1157,d20e3ab0-6297-4a6c-9eb9-7af5e9abc05f,Losartan 25mg,product.categ_products_drug_orders,product,750,74ea4fb4-1b15-4530-98b4-eb21865d1a75,74ea4fb4-1b15-4530-98b4-eb21865d1a75
DGR1158,75921f20-4011-4043-85af-b240b12eb30c,Losartan 50mg,product.categ_products_drug_orders,product,300,74ea4fb4-1b15-4530-98b4-eb21865d1a75,74ea4fb4-1b15-4530-98b4-eb21865d1a75
DGR1159,5cf41c92-7ffd-46c9-bb9a-1ffe35127fac,Magnesium 250mg,product.categ_products_drug_orders,product,200,74ea4fb4-1b15-4530-98b4-eb21865d1a75,74ea4fb4-1b15-4530-98b4-eb21865d1a75
DGR1160,e5b63fc9-ca90-4127-bfc9-7db224b730e6,Magnesium sulfate 50%,product.categ_products_drug_orders,product,225,1c8463f1-9563-4633-81f9-8e7642d55e48,1c8463f1-9563-4633-81f9-8e7642d55e48
DGR1161,0c4200a6-2fc2-4b19-8d88-6937fb3ed809,Mannitol 20%,product.categ_products_drug_orders,product,500,1c8463f1-9563-4633-81f9-8e7642d55e48,1c8463f1-9563-4633-81f9-8e7642d55e48
DGR1162,8c8280d2-53ab-4b70-aac9-8c512653e3da,Medroxyprogesterone 10mg,product.categ_products_drug_orders,product,850,74ea4fb4-1b15-4530-98b4-eb21865d1a75,74ea4fb4-1b15-4530-98b4-eb21865d1a75
DGR1163,38f76f53-7209-40d4-8810-b04d21b24898,Meperidine,product.categ_products_drug_orders,product,0,1c8463f1-9563-4633-81f9-8e7642d55e48,1c8463f1-9563-4633-81f9-8e7642d55e48
DGR1164,bc3ae66e-8e10-4578-a7f7-ff689c05867f,Metformin 500mg,product.categ_products_drug_orders,product,120,74ea4fb4-1b15-4530-98b4-eb21865d1a75,74ea4fb4-1b15-4530-98b4-eb21865d1a75
DGR1165,96a77ccd-de13-456a-9f67-559902b9969e,Metformin 850mg,product.categ_products_drug_orders,product,150,74ea4fb4-1b15-4530-98b4-eb21865d1a75,74ea4fb4-1b15-4530-98b4-eb21865d1a75
DGR1166,7d3d44c4-65d0-4223-99d6-fbafa52bfaa4,Methyldopa 250mg,product.categ_products_drug_orders,product,450,74ea4fb4-1b15-4530-98b4-eb21865d1a75,74ea4fb4-1b15-4530-98b4-eb21865d1a75
DGR1167,20a2cc9b-7d7b-460f-8092-79af1a36ce47,Methylergometrine 250mcg,product.categ_products_drug_orders,product,380,74ea4fb4-1b15-4530-98b4-eb21865d1a75,74ea4fb4-1b15-4530-98b4-eb21865d1a75
DGR1168,50e13421-a8e7-4c5e-a92d-b2251e86c764,Methylergometrine 200mcg/ml,product.categ_products_drug_orders,product,300,1c8463f1-9563-4633-81f9-8e7642d55e48,1c8463f1-9563-4633-81f9-8e7642d55e48
DGR1169,ef3cf453-1212-45bf-bbd2-b64790f50047,Metoclopramide 10mg,product.categ_products_drug_orders,product,100,74ea4fb4-1b15-4530-98b4-eb21865d1a75,74ea4fb4-1b15-4530-98b4-eb21865d1a75
DGR1170,ef0d2140-6bb2-41ec-8734-e002b3d34cca,Metoclopramide 5mg/ml,product.categ_products_drug_orders,product,75,1c8463f1-9563-4633-81f9-8e7642d55e48,1c8463f1-9563-4633-81f9-8e7642d55e48
DGR1171,ebd00b5b-25ca-47b1-9f0f-430a02774076,Metronidazole 500mg,product.categ_products_drug_orders,product,100,74ea4fb4-1b15-4530-98b4-eb21865d1a75,74ea4fb4-1b15-4530-98b4-eb21865d1a75
DGR1172,2067bd5d-bcb4-47a2-a3c0-bb28689a50c1,Metronidazole 500mg,product.categ_products_drug_orders,product,135,1c8463f1-9563-4633-81f9-8e7642d55e48,1c8463f1-9563-4633-81f9-8e7642d55e48
DGR1173,4ee3e13f-7454-4fce-b2c6-2553fb092734,Metronidazole 250mg/5ml,product.categ_products_drug_orders,product,150,1c8463f1-9563-4633-81f9-8e7642d55e48,1c8463f1-9563-4633-81f9-8e7642d55e48
DGR1174,c2ba92b3-0157-4178-b769-f9b5043fed8a,Midazolam 5mg/5ml,product.categ_products_drug_orders,product,350,1c8463f1-9563-4633-81f9-8e7642d55e48,1c8463f1-9563-4633-81f9-8e7642d55e48
DGR1175,99489c21-1dd5-498f-8020-7f9ad6915207,Mineral oil,product.categ_products_drug_orders,product,350,1c8463f1-9563-4633-81f9-8e7642d55e48,1c8463f1-9563-4633-81f9-8e7642d55e48
DGR1176,ed920938-ec0d-42a4-b72d-a6066c01422a,Misoprostol 200mcg,product.categ_products_drug_orders,product,250,74ea4fb4-1b15-4530-98b4-eb21865d1a75,74ea4fb4-1b15-4530-98b4-eb21865d1a75
DGR1177,b241ff40-a86a-4b0e-8aea-263531e31913,Morphine 10mg/ml,product.categ_products_drug_orders,product,350,1c8463f1-9563-4633-81f9-8e7642d55e48,1c8463f1-9563-4633-81f9-8e7642d55e48
DGR1178,ff804f6d-5a03-4594-aab2-5881afae7f09,Morphine (Duramorph) 10mg/10ml,product.categ_products_drug_orders,product,350,1c8463f1-9563-4633-81f9-8e7642d55e48,1c8463f1-9563-4633-81f9-8e7642d55e48
DGR1179,a4a3b7cd-daff-4edd-84ac-7baa870c98fa,MTV & Fer gttes (pr neonato),product.categ_products_drug_orders,product,580,2114fcb9-eab7-4ad7-afa3-ae043a542b4c,2114fcb9-eab7-4ad7-afa3-ae043a542b4c
DGR1180,9a7db37d-ee14-4163-bb16-ff0a1b440996,Multi vitamin & lysine,product.categ_products_drug_orders,product,350,1c8463f1-9563-4633-81f9-8e7642d55e48,1c8463f1-9563-4633-81f9-8e7642d55e48
DGR1181,d4973169-6f6b-40c2-a65a-7794cca42413,Multi vitamin adult,product.categ_products_drug_orders,product,100,74ea4fb4-1b15-4530-98b4-eb21865d1a75,74ea4fb4-1b15-4530-98b4-eb21865d1a75
DGR1182,d97c3dd4-24e4-4aaa-9ccb-33fe814b25b6,Multivitamin gttes (pr neonato),product.categ_products_drug_orders,product,580,2114fcb9-eab7-4ad7-afa3-ae043a542b4c,2114fcb9-eab7-4ad7-afa3-ae043a542b4c
DGR1183,44d63ef0-962b-4c38-a615-dc9a57f1518f,Naloxone 0.4mg/ml,product.categ_products_drug_orders,product,1600,1c8463f1-9563-4633-81f9-8e7642d55e48,1c8463f1-9563-4633-81f9-8e7642d55e48
DGR1184,e57cfb3b-ac86-42bc-8ac9-fc6be0d105e2,Neomycin & Bacitracin,product.categ_products_drug_orders,product,325,9ee018c0-24c0-4cf0-ae66-de60d5b3298f,9ee018c0-24c0-4cf0-ae66-de60d5b3298f
DGR1185,f6cd224f-dad3-4ecb-97f9-f990ef985d6b,Neostigmine 100mg/ml,product.categ_products_drug_orders,product,700,1c8463f1-9563-4633-81f9-8e7642d55e48,1c8463f1-9563-4633-81f9-8e7642d55e48
DGR1186,98ef1e2e-2a31-4603-80cb-0518a1c9fc7c,Nicardipine 2.5mg/ml,product.categ_products_drug_orders,product,0,1c8463f1-9563-4633-81f9-8e7642d55e48,1c8463f1-9563-4633-81f9-8e7642d55e48
DGR1187,f6e95bdf-4d2a-4f98-a0f6-2290622867cf,Nifedepine IR or SR 20mg,product.categ_products_drug_orders,product,435,74ea4fb4-1b15-4530-98b4-eb21865d1a75,74ea4fb4-1b15-4530-98b4-eb21865d1a75
DGR1188,7253a79e-ece9-4276-ba32-950d2e350048,Nitrofurantoin 100mg,product.categ_products_drug_orders,product,200,74ea4fb4-1b15-4530-98b4-eb21865d1a75,74ea4fb4-1b15-4530-98b4-eb21865d1a75
DGR1189,116629a4-048e-408f-937f-2b3e77de6cdc,Nitrofurasone & neomycin & dexamethasone (otofuran®),product.categ_products_drug_orders,product,490,2114fcb9-eab7-4ad7-afa3-ae043a542b4c,2114fcb9-eab7-4ad7-afa3-ae043a542b4c
DGR1190,892c268c-bf0a-43c7-a0e8-bbb6b727d772,Nitroglycerin 100mg,product.categ_products_drug_orders,product,0,1c8463f1-9563-4633-81f9-8e7642d55e48,1c8463f1-9563-4633-81f9-8e7642d55e48
DGR1191,b3c17af9-ac75-4272-b76d-d505aaa6269d,Nitroglycerin (glycerine trinitrate) 500mcg,product.categ_products_drug_orders,product,60,9ee018c0-24c0-4cf0-ae66-de60d5b3298f,9ee018c0-24c0-4cf0-ae66-de60d5b3298f
DGR1192,3b26d511-ef39-403a-ae71-a9129e71e437,Nitroprussiate 50mg/2ml,product.categ_products_drug_orders,product,0,1c8463f1-9563-4633-81f9-8e7642d55e48,1c8463f1-9563-4633-81f9-8e7642d55e48
DGR1193,092c51ec-e424-4447-abcb-eee7a4ff3493,Noradrenaline 4mg/4ml,product.categ_products_drug_orders,product,1000,1c8463f1-9563-4633-81f9-8e7642d55e48,1c8463f1-9563-4633-81f9-8e7642d55e48
DGR1194,dd5de8d8-0f0d-4e4a-8e96-bd1a5cd7e116,"Nystatin 100,000units",product.categ_products_drug_orders,product,140,8dde1a97-11d6-4d78-95a2-c7b2d0db9eb8,8dde1a97-11d6-4d78-95a2-c7b2d0db9eb8
DGR1195,c495d19a-9878-474a-9164-03888a7742d5,"Nystatin 100,000un/ml",product.categ_products_drug_orders,product,150,1c8463f1-9563-4633-81f9-8e7642d55e48,1c8463f1-9563-4633-81f9-8e7642d55e48
DGR1196,eedb9a42-360d-4fe1-806c-edffbfbd14a4,"Nystatin 500,000units",product.categ_products_drug_orders,product,210,74ea4fb4-1b15-4530-98b4-eb21865d1a75,74ea4fb4-1b15-4530-98b4-eb21865d1a75
DGR1197,7ab133ec-f025-4708-80e6-c11670af8271,"Nystatin & Metronidazole 1,000,000units/500mg",product.categ_products_drug_orders,product,100,8dde1a97-11d6-4d78-95a2-c7b2d0db9eb8,8dde1a97-11d6-4d78-95a2-c7b2d0db9eb8
DGR1198,781cda70-5c95-4639-9e03-2c28f276570c,Ofloxacin 0.3%,product.categ_products_drug_orders,product,0,2114fcb9-eab7-4ad7-afa3-ae043a542b4c,2114fcb9-eab7-4ad7-afa3-ae043a542b4c
DGR1199,94b0f7c9-6648-4da5-98d8-61988142eea4,Omeprazole 20mg,product.categ_products_drug_orders,product,115,57f78dee-f842-4c23-91b8-5d234fd036f7,57f78dee-f842-4c23-91b8-5d234fd036f7
DGR1200,6e7a4eed-c324-4d1e-a020-ddd791be2ee9,Omeprazole 40mg,product.categ_products_drug_orders,product,275,1c8463f1-9563-4633-81f9-8e7642d55e48,1c8463f1-9563-4633-81f9-8e7642d55e48
DGR1201,830e96ba-e814-4091-8f5b-a0f6a48a14aa,Ondansetron 4mg/2ml,product.categ_products_drug_orders,product,0,1c8463f1-9563-4633-81f9-8e7642d55e48,1c8463f1-9563-4633-81f9-8e7642d55e48
DGR1202,1dd0ce18-6df8-40ae-bc13-21da3a71d8e5,Oxytocin 10units,product.categ_products_drug_orders,product,50,1c8463f1-9563-4633-81f9-8e7642d55e48,1c8463f1-9563-4633-81f9-8e7642d55e48
DGR1203,db6a8397-962a-49ff-be8e-8045d1ddd4f9,Paracetamol 500mg,product.categ_products_drug_orders,product,50,74ea4fb4-1b15-4530-98b4-eb21865d1a75,74ea4fb4-1b15-4530-98b4-eb21865d1a75
DGR1204,f926ab14-9e6e-491c-849f-1d6be509bd3a,Paracetamol 120mg/5ml,product.categ_products_drug_orders,product,60,1c8463f1-9563-4633-81f9-8e7642d55e48,1c8463f1-9563-4633-81f9-8e7642d55e48
DGR1205,a14e11e6-9e46-437d-932d-0d86bc5d1e7e,Paracetamol 300mg,product.categ_products_drug_orders,product,50,9ee018c0-24c0-4cf0-ae66-de60d5b3298f,9ee018c0-24c0-4cf0-ae66-de60d5b3298f
DGR1206,22b1fcb8-5a4c-41c1-9767-848f53d28309,Paracetamol + chlorzoxasone 325mg+250mg,product.categ_products_drug_orders,product,650,74ea4fb4-1b15-4530-98b4-eb21865d1a75,74ea4fb4-1b15-4530-98b4-eb21865d1a75
DGR1207,1672fb6f-7e42-4368-9809-b8e19467eabe,Paracetamol & codeine 500mg+30mg,product.categ_products_drug_orders,product,850,74ea4fb4-1b15-4530-98b4-eb21865d1a75,74ea4fb4-1b15-4530-98b4-eb21865d1a75
DGR1208,c7c422da-eca7-41a8-b720-92ba64b2584a,Parenteral nutrition (peripheral at least),product.categ_products_drug_orders,product,200,1c8463f1-9563-4633-81f9-8e7642d55e48,1c8463f1-9563-4633-81f9-8e7642d55e48
DGR1209,e4699965-3b88-4f34-846f-eadf6011fb11,"Permanganate potassium 1:10,000",product.categ_products_drug_orders,product,0,1c8463f1-9563-4633-81f9-8e7642d55e48,1c8463f1-9563-4633-81f9-8e7642d55e48
DGR1210,dd2ec344-573b-48eb-bbd7-3ea3f2e96e78,Petroleum,product.categ_products_drug_orders,product,350,ae89f168-0d9f-4ae4-8aa6-b2f4c27a8e52,ae89f168-0d9f-4ae4-8aa6-b2f4c27a8e52
DGR1211,37b9e9d7-80e4-4e33-a28f-dfaaeac01f41,Phenobarbital 200mg/ml,product.categ_products_drug_orders,product,0,1c8463f1-9563-4633-81f9-8e7642d55e48,1c8463f1-9563-4633-81f9-8e7642d55e48
DGR1212,174254a5-014d-45fb-8f99-204ba798347e,Phenobarbital 30mg,product.categ_products_drug_orders,product,250,74ea4fb4-1b15-4530-98b4-eb21865d1a75,74ea4fb4-1b15-4530-98b4-eb21865d1a75
DGR1213,12779edf-71ba-4967-8bb9-fa6aa52f1d2f,Phenobarbital 20mg/5ml,product.categ_products_drug_orders,product,630,1c8463f1-9563-4633-81f9-8e7642d55e48,1c8463f1-9563-4633-81f9-8e7642d55e48
DGR1214,8b997fb7-fc09-4a43-a7ef-95aa793db649,Phenylephrine 10%,product.categ_products_drug_orders,product,0,2114fcb9-eab7-4ad7-afa3-ae043a542b4c,2114fcb9-eab7-4ad7-afa3-ae043a542b4c
DGR1215,b0e4c3e6-349e-4644-bf59-9144e9d9afcf,Phenylephrine,product.categ_products_drug_orders,product,0,1c8463f1-9563-4633-81f9-8e7642d55e48,1c8463f1-9563-4633-81f9-8e7642d55e48
DGR1216,eaf3bfb9-a151-40d6-a07f-115228bcb777,Phenytoin 200mg/2ml,product.categ_products_drug_orders,product,650,1c8463f1-9563-4633-81f9-8e7642d55e48,1c8463f1-9563-4633-81f9-8e7642d55e48
DGR1217,b62299b8-7dab-439d-9d66-25c2fdf8d3ed,Phenytoin 100mg,product.categ_products_drug_orders,product,250,74ea4fb4-1b15-4530-98b4-eb21865d1a75,74ea4fb4-1b15-4530-98b4-eb21865d1a75
DGR1218,67f1d7b9-751b-42b6-a49a-e810effbed32,Phytomenadione 10mg/ml,product.categ_products_drug_orders,product,175,1c8463f1-9563-4633-81f9-8e7642d55e48,1c8463f1-9563-4633-81f9-8e7642d55e48
DGR1219,81e89d1b-716f-47af-ac1b-27acd92ad211,Pilocarpine 1%,product.categ_products_drug_orders,product,0,2114fcb9-eab7-4ad7-afa3-ae043a542b4c,2114fcb9-eab7-4ad7-afa3-ae043a542b4c
DGR1220,5c3cf4ab-ebac-474e-837f-9845dad85e06,Potassium chloride,product.categ_products_drug_orders,product,550,1c8463f1-9563-4633-81f9-8e7642d55e48,1c8463f1-9563-4633-81f9-8e7642d55e48
DGR1221,a6b4168f-9262-489c-a143-865c5ba3718e,Povidone iodine 10%,product.categ_products_drug_orders,product,475,1c8463f1-9563-4633-81f9-8e7642d55e48,1c8463f1-9563-4633-81f9-8e7642d55e48
DGR1222,8f3d62fe-6d62-4848-9c60-180232f5d6dc,Prednisolone 1%,product.categ_products_drug_orders,product,0,2114fcb9-eab7-4ad7-afa3-ae043a542b4c,2114fcb9-eab7-4ad7-afa3-ae043a542b4c
DGR1223,0c238662-60f9-48ba-8bc4-218067839210,Prednisolone 5mg,product.categ_products_drug_orders,product,140,74ea4fb4-1b15-4530-98b4-eb21865d1a75,74ea4fb4-1b15-4530-98b4-eb21865d1a75
DGR1224,052758dc-68fc-454e-8a9a-fa0e18fb7f9a,Prednisolone 15mg/5ml,product.categ_products_drug_orders,product,750,1c8463f1-9563-4633-81f9-8e7642d55e48,1c8463f1-9563-4633-81f9-8e7642d55e48
DGR1225,e067ee9b-4f11-4fb2-a656-3c4a455b5176,Promethazine 25mg,product.categ_products_drug_orders,product,100,74ea4fb4-1b15-4530-98b4-eb21865d1a75,74ea4fb4-1b15-4530-98b4-eb21865d1a75
DGR1226,263b5f58-0e4e-4bc7-a16f-8da4b89182dd,Promethazine 50mg/2ml,product.categ_products_drug_orders,product,190,1c8463f1-9563-4633-81f9-8e7642d55e48,1c8463f1-9563-4633-81f9-8e7642d55e48
DGR1227,334ec069-30f1-4a64-b0a3-4786eea77a73,Propafenone 300mg,product.categ_products_drug_orders,product,750,74ea4fb4-1b15-4530-98b4-eb21865d1a75,74ea4fb4-1b15-4530-98b4-eb21865d1a75
DGR1228,35d6f663-5bd7-4a05-8121-5cc3c15e1e87,Propofol 10mg/ml,product.categ_products_drug_orders,product,950,1c8463f1-9563-4633-81f9-8e7642d55e48,1c8463f1-9563-4633-81f9-8e7642d55e48
DGR1229,8080d6ef-9eb9-4f25-a4a0-4c4be9f9f19f,Propranalol 20mg/5ml,product.categ_products_drug_orders,product,800,1c8463f1-9563-4633-81f9-8e7642d55e48,1c8463f1-9563-4633-81f9-8e7642d55e48
DGR1230,004c4730-9b3a-49cc-80f1-cf8cf9158ae0,Propranalol 40mg,product.categ_products_drug_orders,product,950,74ea4fb4-1b15-4530-98b4-eb21865d1a75,74ea4fb4-1b15-4530-98b4-eb21865d1a75
DGR1231,03dd0b89-81ad-4a71-abf8-776279eed4bc,Propylthiouracil 50mg,product.categ_products_drug_orders,product,0,74ea4fb4-1b15-4530-98b4-eb21865d1a75,74ea4fb4-1b15-4530-98b4-eb21865d1a75
DGR1232,081940cf-c399-4616-b7cc-3dff240b0a6b,Protamine sulfate 50mg/5ml,product.categ_products_drug_orders,product,900,1c8463f1-9563-4633-81f9-8e7642d55e48,1c8463f1-9563-4633-81f9-8e7642d55e48
DGR1233,6e17186b-b4fe-48b1-9265-49195beb0251,Proteines,product.categ_products_drug_orders,product,375,3606f9fe-9612-49af-a317-3877a075443c,3606f9fe-9612-49af-a317-3877a075443c
DGR1234,f378573f-cc58-48ba-9bec-0d249bb459ac,Pyridoxine (Vitamin B6) 50mg,product.categ_products_drug_orders,product,150,74ea4fb4-1b15-4530-98b4-eb21865d1a75,74ea4fb4-1b15-4530-98b4-eb21865d1a75
DGR1235,548f5b45-a6e8-46d1-a3f7-a29e4af98759,Quinine sulfate 600mg/2ml,product.categ_products_drug_orders,product,0,1c8463f1-9563-4633-81f9-8e7642d55e48,1c8463f1-9563-4633-81f9-8e7642d55e48
DGR1236,59def302-87ca-4970-83ba-50e37d0f73af,"Retinol (Vitamin A) 200,000units",product.categ_products_drug_orders,product,0,57f78dee-f842-4c23-91b8-5d234fd036f7,57f78dee-f842-4c23-91b8-5d234fd036f7
DGR1237,358d4613-51c0-4ac4-8390-c652f3ce881d,Rocuronium 10mg/ml,product.categ_products_drug_orders,product,2430,1c8463f1-9563-4633-81f9-8e7642d55e48,1c8463f1-9563-4633-81f9-8e7642d55e48
DGR1238,813834ff-b5b5-4356-9d5d-aa50b15fd40d,Salbutamol 100mcg/inh.,product.categ_products_drug_orders,product,450,2b4ca899-528a-4b5a-a474-4adb2a299be2,2b4ca899-528a-4b5a-a474-4adb2a299be2
DGR1239,3e54ff66-0f92-464d-a483-59106d92e3be,Salbutamol 4mg,product.categ_products_drug_orders,product,90,74ea4fb4-1b15-4530-98b4-eb21865d1a75,74ea4fb4-1b15-4530-98b4-eb21865d1a75
DGR1240,8f9e67c9-816b-4beb-9c23-b275fddfd277,Sel de rehydratation oral,product.categ_products_drug_orders,product,50,9ee018c0-24c0-4cf0-ae66-de60d5b3298f,9ee018c0-24c0-4cf0-ae66-de60d5b3298f
DGR1241,23be721f-25d7-43d7-a87b-4de2f4e861d1,Serum antitetatique 1500ui/ml,product.categ_products_drug_orders,product,300,1c8463f1-9563-4633-81f9-8e7642d55e48,1c8463f1-9563-4633-81f9-8e7642d55e48
DGR1242,f076ed22-4af8-4fbe-8bb6-d8e430514dd0,Sevoflurane,product.categ_products_drug_orders,product,21450,2b4ca899-528a-4b5a-a474-4adb2a299be2,2b4ca899-528a-4b5a-a474-4adb2a299be2
DGR1243,06b92e28-5c2e-494b-af58-29bc5077cae6,Sildenafil 50mg,product.categ_products_drug_orders,product,250,74ea4fb4-1b15-4530-98b4-eb21865d1a75,74ea4fb4-1b15-4530-98b4-eb21865d1a75
DGR1244,243c15e4-8313-4ed5-9b89-1bd38eaf6dcb,Silver sulfadiazine 1%,product.categ_products_drug_orders,product,2500,0d0b3654-75ab-4315-9264-2ddbb1e9400c,0d0b3654-75ab-4315-9264-2ddbb1e9400c
DGR1245,9e7e2f44-aa5e-4bf5-b840-0bab5a417d63,Simvastatin 20mg+40mg,product.categ_products_drug_orders,product,300,74ea4fb4-1b15-4530-98b4-eb21865d1a75,74ea4fb4-1b15-4530-98b4-eb21865d1a75
DGR1246,0f493ad2-c0bf-49d9-97c2-13184dfbc073,Sodium bicarbonate 8.4%,product.categ_products_drug_orders,product,450,1c8463f1-9563-4633-81f9-8e7642d55e48,1c8463f1-9563-4633-81f9-8e7642d55e48
DGR1247,b10708fc-c53f-40b1-bd7e-7744a3950177,Sodium chloride 5%,product.categ_products_drug_orders,product,0,2114fcb9-eab7-4ad7-afa3-ae043a542b4c,2114fcb9-eab7-4ad7-afa3-ae043a542b4c
DGR1248,ff403e08-5eea-451c-9a83-465b5c826713,Sodium phosphate (Fleet's) 26g/118ml,product.categ_products_drug_orders,product,300,1c8463f1-9563-4633-81f9-8e7642d55e48,1c8463f1-9563-4633-81f9-8e7642d55e48
DGR1249,3a3f865b-6480-43f3-9536-4265e5a7b359,Spironolactone 25mg,product.categ_products_drug_orders,product,550,74ea4fb4-1b15-4530-98b4-eb21865d1a75,74ea4fb4-1b15-4530-98b4-eb21865d1a75
DGR1250,ae2addbd-31fb-4c2e-ae13-5be59fcd54af,Streptokinase 1500000ui,product.categ_products_drug_orders,product,0,1c8463f1-9563-4633-81f9-8e7642d55e48,1c8463f1-9563-4633-81f9-8e7642d55e48
DGR1251,48170ce4-96e3-4201-8ac9-565348514dfc,Succinylcholine 20mg/ml,product.categ_products_drug_orders,product,2500,1c8463f1-9563-4633-81f9-8e7642d55e48,1c8463f1-9563-4633-81f9-8e7642d55e48
DGR1252,2579ac31-960d-4bc3-83d2-14e160bebddc,Tamoxifen 20mg,product.categ_products_drug_orders,product,2125,74ea4fb4-1b15-4530-98b4-eb21865d1a75,74ea4fb4-1b15-4530-98b4-eb21865d1a75
DGR1253,2a718fa1-5370-42e5-9c38-5f91774a241c,Tetracycline 1%,product.categ_products_drug_orders,product,125,0d0b3654-75ab-4315-9264-2ddbb1e9400c,0d0b3654-75ab-4315-9264-2ddbb1e9400c
DGR1254,4883bd3f-bfbf-480d-b245-ccfbf13fec91,Thiopental 1gram,product.categ_products_drug_orders,product,1100,1c8463f1-9563-4633-81f9-8e7642d55e48,1c8463f1-9563-4633-81f9-8e7642d55e48
DGR1255,08c5da00-8f92-48e6-bfb2-e6a6be3cb1f9,Timolol 5%,product.categ_products_drug_orders,product,0,2114fcb9-eab7-4ad7-afa3-ae043a542b4c,2114fcb9-eab7-4ad7-afa3-ae043a542b4c
DGR1256,45e8ead1-0954-45c2-9f9a-3c0136d54f2f,Tobramycin 3mg/ml,product.categ_products_drug_orders,product,0,2114fcb9-eab7-4ad7-afa3-ae043a542b4c,2114fcb9-eab7-4ad7-afa3-ae043a542b4c
DGR1257,c00734a9-82f0-4f0f-91c3-39c4db457c1c,Tobramycin & Dexa 4mg/ml,product.categ_products_drug_orders,product,0,2114fcb9-eab7-4ad7-afa3-ae043a542b4c,2114fcb9-eab7-4ad7-afa3-ae043a542b4c
DGR1258,54c54a33-aaa6-4de0-bd91-69cb12b3f9a0,Tobramycin & Dexa 4mg/g,product.categ_products_drug_orders,product,0,0d0b3654-75ab-4315-9264-2ddbb1e9400c,0d0b3654-75ab-4315-9264-2ddbb1e9400c
DGR1259,27becf5b-1d28-403f-8ba0-5b1ac294232b,Tocopherol 400ui,product.categ_products_drug_orders,product,180,57f78dee-f842-4c23-91b8-5d234fd036f7,57f78dee-f842-4c23-91b8-5d234fd036f7
DGR1260,e7c9e967-deb8-4eea-ba29-e681b9655c8c,Tramadol 50mg,product.categ_products_drug_orders,product,0,74ea4fb4-1b15-4530-98b4-eb21865d1a75,74ea4fb4-1b15-4530-98b4-eb21865d1a75
DGR1261,e4787ca5-462c-47b5-8657-39c277ac12e3,Tramadol 50mg/ml,product.categ_products_drug_orders,product,0,1c8463f1-9563-4633-81f9-8e7642d55e48,1c8463f1-9563-4633-81f9-8e7642d55e48
DGR1262,cd98c37e-9221-4b60-bbc4-bec32b0767f5,Triamcinolone 10mg/ml,product.categ_products_drug_orders,product,1500,1c8463f1-9563-4633-81f9-8e7642d55e48,1c8463f1-9563-4633-81f9-8e7642d55e48
DGR1263,8aa13fdd-1abc-493c-99a8-a4a2da12fba6,Vancomycin 1gm,product.categ_products_drug_orders,product,850,1c8463f1-9563-4633-81f9-8e7642d55e48,1c8463f1-9563-4633-81f9-8e7642d55e48
DGR1264,18fa26d4-fc8f-41b0-ae93-7b9fd8ea8e29,Vasopressin 20ui/ml,product.categ_products_drug_orders,product,20000,1c8463f1-9563-4633-81f9-8e7642d55e48,1c8463f1-9563-4633-81f9-8e7642d55e48
DGR1265,68b0d0d7-7e03-403d-99a8-795191ced670,Vitamine A et D 1200ui,product.categ_products_drug_orders,product,150,57f78dee-f842-4c23-91b8-5d234fd036f7,57f78dee-f842-4c23-91b8-5d234fd036f7
DGR1266,9eb46be1-ee3d-4e41-b548-5b953362e2e5,Warfarin 5mg,product.categ_products_drug_orders,product,340,74ea4fb4-1b15-4530-98b4-eb21865d1a75,74ea4fb4-1b15-4530-98b4-eb21865d1a75
DGR1267,f26a76b7-ea31-427f-b21b-08668896ec14,Zinc,product.categ_products_drug_orders,product,500,ae89f168-0d9f-4ae4-8aa6-b2f4c27a8e52,ae89f168-0d9f-4ae4-8aa6-b2f4c27a8e52
DGR1268,cc804924-5c2e-4639-8ebe-a2b047b99bba,Zinc 50mg,product.categ_products_drug_orders,product,325,74ea4fb4-1b15-4530-98b4-eb21865d1a75,74ea4fb4-1b15-4530-98b4-eb21865d1a75
DGR1269,4e4c63ec-cd3a-4357-91cf-8ca259b42166,Zinc 10mg/ml,product.categ_products_drug_orders,product,450,1c8463f1-9563-4633-81f9-8e7642d55e48,1c8463f1-9563-4633-81f9-8e7642d55e48